{"timestamp":"2026-08-17T00:00:45.985082+05:30","level":"WARN","logger":"com.zaxxer.hikari.pool.HikariPool","thread":"HikariPool-1:housekeeper","message":"HikariPool-1 - Thread starvation or clock leap detected (housekeeper delta=15m30s579ms)."}
{"timestamp":"2026-08-17T00:31:17.185778+05:30","level":"WARN","logger":"com.zaxxer.hikari.pool.HikariPool","thread":"HikariPool-1:housekeeper","message":"HikariPool-1 - Thread starvation or clock leap detected (housekeeper delta=30m31s201ms)."}
{"timestamp":"2026-08-17T00:43:58.585872+05:30","level":"WARN","logger":"com.zaxxer.hikari.pool.HikariPool","thread":"HikariPool-1:housekeeper","message":"HikariPool-1 - Thread starvation or clock leap detected (housekeeper delta=12m41s401ms)."}
{"timestamp":"2026-08-17T01:02:17.271307+05:30","level":"WARN","logger":"com.zaxxer.hikari.pool.HikariPool","thread":"HikariPool-1:housekeeper","message":"HikariPool-1 - Thread starvation or clock leap detected (housekeeper delta=18m18s685ms)."}
{"timestamp":"2026-08-17T01:17:46.22137+05:30","level":"WARN","logger":"com.zaxxer.hikari.pool.HikariPool","thread":"HikariPool-1:housekeeper","message":"HikariPool-1 - Thread starvation or clock leap detected (housekeeper delta=15m28s950ms)."}
{"timestamp":"2026-08-17T01:48:17.328068+05:30","level":"WARN","logger":"com.zaxxer.hikari.pool.HikariPool","thread":"HikariPool-1:housekeeper","message":"HikariPool-1 - Thread starvation or clock leap detected (housekeeper delta=30m31s106ms)."}
{"timestamp":"2026-08-17T02:03:46.873242+05:30","level":"INFO","logger":"com.netflix.discovery.shared.resolver.aws.ConfigClusterResolver","thread":"AsyncResolver-bootstrap-executor-%d","message":"Resolving eureka endpoints via configuration"}
{"timestamp":"2026-08-17T02:03:47.243644+05:30","level":"WARN","logger":"com.zaxxer.hikari.pool.HikariPool","thread":"HikariPool-1:housekeeper","message":"HikariPool-1 - Thread starvation or clock leap detected (housekeeper delta=15m29s917ms)."}
{"timestamp":"2026-08-17T02:19:17.167053+05:30","level":"WARN","logger":"com.zaxxer.hikari.pool.HikariPool","thread":"HikariPool-1:housekeeper","message":"HikariPool-1 - Thread starvation or clock leap detected (housekeeper delta=15m29s922ms)."}
{"timestamp":"2026-08-17T02:49:47.090459+05:30","level":"WARN","logger":"com.zaxxer.hikari.pool.HikariPool","thread":"HikariPool-1:housekeeper","message":"HikariPool-1 - Thread starvation or clock leap detected (housekeeper delta=30m29s924ms)."}
{"timestamp":"2026-08-17T03:06:10.183704+05:30","level":"WARN","logger":"com.zaxxer.hikari.pool.HikariPool","thread":"HikariPool-1:housekeeper","message":"HikariPool-1 - Thread starvation or clock leap detected (housekeeper delta=16m23s91ms)."}
{"timestamp":"2026-08-17T03:21:40.232121+05:30","level":"WARN","logger":"com.zaxxer.hikari.pool.HikariPool","thread":"HikariPool-1:housekeeper","message":"HikariPool-1 - Thread starvation or clock leap detected (housekeeper delta=15m30s50ms)."}
{"timestamp":"2026-08-17T03:52:11.996734+05:30","level":"WARN","logger":"com.zaxxer.hikari.pool.HikariPool","thread":"HikariPool-1:housekeeper","message":"HikariPool-1 - Thread starvation or clock leap detected (housekeeper delta=30m31s765ms)."}
{"timestamp":"2026-08-17T04:09:19.890841+05:30","level":"WARN","logger":"com.zaxxer.hikari.pool.HikariPool","thread":"HikariPool-1:housekeeper","message":"HikariPool-1 - Thread starvation or clock leap detected (housekeeper delta=17m7s894ms)."}
{"timestamp":"2026-08-17T04:24:49.820443+05:30","level":"WARN","logger":"com.zaxxer.hikari.pool.HikariPool","thread":"HikariPool-1:housekeeper","message":"HikariPool-1 - Thread starvation or clock leap detected (housekeeper delta=15m29s927ms)."}
{"timestamp":"2026-08-17T04:40:20.139173+05:30","level":"WARN","logger":"com.zaxxer.hikari.pool.HikariPool","thread":"HikariPool-1:housekeeper","message":"HikariPool-1 - Thread starvation or clock leap detected (housekeeper delta=15m30s321ms)."}
{"timestamp":"2026-08-17T04:57:52.275555+05:30","level":"WARN","logger":"com.zaxxer.hikari.pool.HikariPool","thread":"HikariPool-1:housekeeper","message":"HikariPool-1 - Thread starvation or clock leap detected (housekeeper delta=17m32s137ms)."}
{"timestamp":"2026-08-17T05:26:42.748668+05:30","level":"INFO","logger":"com.netflix.discovery.shared.resolver.aws.ConfigClusterResolver","thread":"AsyncResolver-bootstrap-executor-%d","message":"Resolving eureka endpoints via configuration"}
{"timestamp":"2026-08-17T05:26:43.230913+05:30","level":"WARN","logger":"com.zaxxer.hikari.pool.HikariPool","thread":"HikariPool-1:housekeeper","message":"HikariPool-1 - Thread starvation or clock leap detected (housekeeper delta=28m50s956ms)."}
{"timestamp":"2026-08-17T05:42:13.215396+05:30","level":"WARN","logger":"com.zaxxer.hikari.pool.HikariPool","thread":"HikariPool-1:housekeeper","message":"HikariPool-1 - Thread starvation or clock leap detected (housekeeper delta=15m29s984ms)."}
{"timestamp":"2026-08-17T05:57:43.123017+05:30","level":"WARN","logger":"com.zaxxer.hikari.pool.HikariPool","thread":"HikariPool-1:housekeeper","message":"HikariPool-1 - Thread starvation or clock leap detected (housekeeper delta=15m29s907ms)."}
{"timestamp":"2026-08-17T06:28:12.934932+05:30","level":"WARN","logger":"com.zaxxer.hikari.pool.HikariPool","thread":"HikariPool-1:housekeeper","message":"HikariPool-1 - Thread starvation or clock leap detected (housekeeper delta=30m29s812ms)."}
{"timestamp":"2026-08-17T06:43:32.70726+05:30","level":"WARN","logger":"com.zaxxer.hikari.pool.HikariPool","thread":"HikariPool-1:housekeeper","message":"HikariPool-1 - Thread starvation or clock leap detected (housekeeper delta=15m19s769ms)."}
{"timestamp":"2026-08-17T06:59:04.124778+05:30","level":"WARN","logger":"com.zaxxer.hikari.pool.HikariPool","thread":"HikariPool-1:housekeeper","message":"HikariPool-1 - Thread starvation or clock leap detected (housekeeper delta=15m31s421ms)."}
{"timestamp":"2026-08-17T07:05:52.021168+05:30","level":"WARN","logger":"com.zaxxer.hikari.pool.HikariPool","thread":"HikariPool-1:housekeeper","message":"HikariPool-1 - Thread starvation or clock leap detected (housekeeper delta=6m47s897ms)."}
{"timestamp":"2026-08-17T07:36:22.082152+05:30","level":"WARN","logger":"com.zaxxer.hikari.pool.HikariPool","thread":"HikariPool-1:housekeeper","message":"HikariPool-1 - Thread starvation or clock leap detected (housekeeper delta=30m30s59ms)."}
{"timestamp":"2026-08-17T07:44:27.430042+05:30","level":"WARN","logger":"com.zaxxer.hikari.pool.HikariPool","thread":"HikariPool-1:housekeeper","message":"HikariPool-1 - Thread starvation or clock leap detected (housekeeper delta=8m5s349ms)."}
{"timestamp":"2026-08-17T08:02:12.24125+05:30","level":"WARN","logger":"com.zaxxer.hikari.pool.HikariPool","thread":"HikariPool-1:housekeeper","message":"HikariPool-1 - Thread starvation or clock leap detected (housekeeper delta=17m44s812ms)."}
{"timestamp":"2026-08-17T08:17:41.249493+05:30","level":"INFO","logger":"com.netflix.discovery.shared.resolver.aws.ConfigClusterResolver","thread":"AsyncResolver-bootstrap-executor-%d","message":"Resolving eureka endpoints via configuration"}
{"timestamp":"2026-08-17T08:17:41.845053+05:30","level":"WARN","logger":"com.zaxxer.hikari.pool.HikariPool","thread":"HikariPool-1:housekeeper","message":"HikariPool-1 - Thread starvation or clock leap detected (housekeeper delta=15m29s604ms)."}
{"timestamp":"2026-08-17T08:33:11.73588+05:30","level":"WARN","logger":"com.zaxxer.hikari.pool.HikariPool","thread":"HikariPool-1:housekeeper","message":"HikariPool-1 - Thread starvation or clock leap detected (housekeeper delta=15m29s891ms)."}
{"timestamp":"2026-08-17T09:02:50.126697+05:30","level":"WARN","logger":"com.zaxxer.hikari.pool.HikariPool","thread":"HikariPool-1:housekeeper","message":"HikariPool-1 - Thread starvation or clock leap detected (housekeeper delta=29m38s385ms)."}
{"timestamp":"2026-08-17T09:18:20.652084+05:30","level":"WARN","logger":"com.zaxxer.hikari.pool.HikariPool","thread":"HikariPool-1:housekeeper","message":"HikariPool-1 - Thread starvation or clock leap detected (housekeeper delta=15m30s531ms)."}
{"timestamp":"2026-08-17T09:33:51.584458+05:30","level":"WARN","logger":"com.zaxxer.hikari.pool.HikariPool","thread":"HikariPool-1:housekeeper","message":"HikariPool-1 - Thread starvation or clock leap detected (housekeeper delta=15m30s932ms)."}
{"timestamp":"2026-08-17T10:01:51.410587+05:30","level":"WARN","logger":"com.zaxxer.hikari.pool.HikariPool","thread":"HikariPool-1:housekeeper","message":"HikariPool-1 - Thread starvation or clock leap detected (housekeeper delta=27m59s823ms)."}
{"timestamp":"2026-08-17T10:17:32.436431+05:30","level":"WARN","logger":"com.zaxxer.hikari.pool.HikariPool","thread":"HikariPool-1:housekeeper","message":"HikariPool-1 - Thread starvation or clock leap detected (housekeeper delta=15m41s29ms)."}
{"timestamp":"2026-08-17T10:33:03.195419+05:30","level":"WARN","logger":"com.zaxxer.hikari.pool.HikariPool","thread":"HikariPool-1:housekeeper","message":"HikariPool-1 - Thread starvation or clock leap detected (housekeeper delta=15m30s759ms)."}
{"timestamp":"2026-08-17T10:47:47.658628+05:30","level":"WARN","logger":"com.zaxxer.hikari.pool.HikariPool","thread":"HikariPool-1:housekeeper","message":"HikariPool-1 - Thread starvation or clock leap detected (housekeeper delta=14m44s463ms)."}
{"timestamp":"2026-08-17T11:18:37.422194+05:30","level":"WARN","logger":"com.zaxxer.hikari.pool.HikariPool","thread":"HikariPool-1:housekeeper","message":"HikariPool-1 - Thread starvation or clock leap detected (housekeeper delta=30m49s764ms)."}
{"timestamp":"2026-08-17T11:34:07.242092+05:30","level":"INFO","logger":"com.netflix.discovery.shared.resolver.aws.ConfigClusterResolver","thread":"AsyncResolver-bootstrap-executor-%d","message":"Resolving eureka endpoints via configuration"}
{"timestamp":"2026-08-17T11:34:07.953549+05:30","level":"WARN","logger":"com.zaxxer.hikari.pool.HikariPool","thread":"HikariPool-1:housekeeper","message":"HikariPool-1 - Thread starvation or clock leap detected (housekeeper delta=15m30s532ms)."}
{"timestamp":"2026-08-17T11:48:44.699705+05:30","level":"WARN","logger":"com.zaxxer.hikari.pool.HikariPool","thread":"HikariPool-1:housekeeper","message":"HikariPool-1 - Thread starvation or clock leap detected (housekeeper delta=14m36s745ms)."}
{"timestamp":"2026-08-17T12:22:04.690393+05:30","level":"WARN","logger":"com.zaxxer.hikari.pool.HikariPool","thread":"HikariPool-1:housekeeper","message":"HikariPool-1 - Thread starvation or clock leap detected (housekeeper delta=33m19s991ms)."}
{"timestamp":"2026-08-17T12:37:56.311935+05:30","level":"WARN","logger":"com.zaxxer.hikari.pool.HikariPool","thread":"HikariPool-1:housekeeper","message":"HikariPool-1 - Thread starvation or clock leap detected (housekeeper delta=15m51s621ms)."}
{"timestamp":"2026-08-17T12:49:42.045769+05:30","level":"WARN","logger":"com.zaxxer.hikari.pool.HikariPool","thread":"HikariPool-1:housekeeper","message":"HikariPool-1 - Thread starvation or clock leap detected (housekeeper delta=11m45s734ms)."}
{"timestamp":"2026-08-17T13:07:21.71136+05:30","level":"WARN","logger":"com.zaxxer.hikari.pool.HikariPool","thread":"HikariPool-1:housekeeper","message":"HikariPool-1 - Thread starvation or clock leap detected (housekeeper delta=17m39s665ms)."}
{"timestamp":"2026-08-17T13:24:18.171636+05:30","level":"WARN","logger":"com.zaxxer.hikari.pool.HikariPool","thread":"HikariPool-1:housekeeper","message":"HikariPool-1 - Thread starvation or clock leap detected (housekeeper delta=16m56s461ms)."}
{"timestamp":"2026-08-17T13:50:32.229414+05:30","level":"WARN","logger":"com.zaxxer.hikari.pool.HikariPool","thread":"HikariPool-1:housekeeper","message":"HikariPool-1 - Thread starvation or clock leap detected (housekeeper delta=26m14s57ms)."}
{"timestamp":"2026-08-17T14:06:02.279913+05:30","level":"WARN","logger":"com.zaxxer.hikari.pool.HikariPool","thread":"HikariPool-1:housekeeper","message":"HikariPool-1 - Thread starvation or clock leap detected (housekeeper delta=15m30s52ms)."}
{"timestamp":"2026-08-17T14:21:32.195015+05:30","level":"WARN","logger":"com.zaxxer.hikari.pool.HikariPool","thread":"HikariPool-1:housekeeper","message":"HikariPool-1 - Thread starvation or clock leap detected (housekeeper delta=15m29s914ms)."}
{"timestamp":"2026-08-17T14:37:01.847499+05:30","level":"INFO","logger":"com.netflix.discovery.shared.resolver.aws.ConfigClusterResolver","thread":"AsyncResolver-bootstrap-executor-%d","message":"Resolving eureka endpoints via configuration"}
{"timestamp":"2026-08-17T14:37:02.686278+05:30","level":"WARN","logger":"com.zaxxer.hikari.pool.HikariPool","thread":"HikariPool-1:housekeeper","message":"HikariPool-1 - Thread starvation or clock leap detected (housekeeper delta=15m30s492ms)."}
{"timestamp":"2026-08-17T14:51:51.504126+05:30","level":"WARN","logger":"com.zaxxer.hikari.pool.HikariPool","thread":"HikariPool-1:housekeeper","message":"HikariPool-1 - Thread starvation or clock leap detected (housekeeper delta=14m48s818ms)."}
{"timestamp":"2026-08-17T15:22:22.525813+05:30","level":"WARN","logger":"com.zaxxer.hikari.pool.HikariPool","thread":"HikariPool-1:housekeeper","message":"HikariPool-1 - Thread starvation or clock leap detected (housekeeper delta=30m31s21ms)."}
{"timestamp":"2026-08-17T15:37:53.571529+05:30","level":"WARN","logger":"com.zaxxer.hikari.pool.HikariPool","thread":"HikariPool-1:housekeeper","message":"HikariPool-1 - Thread starvation or clock leap detected (housekeeper delta=15m31s46ms)."}
{"timestamp":"2026-08-17T15:52:40.853654+05:30","level":"WARN","logger":"com.zaxxer.hikari.pool.HikariPool","thread":"HikariPool-1:housekeeper","message":"HikariPool-1 - Thread starvation or clock leap detected (housekeeper delta=14m47s282ms)."}
{"timestamp":"2026-08-17T16:08:11.537546+05:30","level":"WARN","logger":"com.zaxxer.hikari.pool.HikariPool","thread":"HikariPool-1:housekeeper","message":"HikariPool-1 - Thread starvation or clock leap detected (housekeeper delta=15m30s684ms)."}
{"timestamp":"2026-08-17T16:39:51.825121+05:30","level":"WARN","logger":"com.zaxxer.hikari.pool.HikariPool","thread":"HikariPool-1:housekeeper","message":"HikariPool-1 - Thread starvation or clock leap detected (housekeeper delta=31m40s288ms)."}
{"timestamp":"2026-08-17T16:53:39.494815+05:30","level":"WARN","logger":"com.zaxxer.hikari.pool.HikariPool","thread":"HikariPool-1:housekeeper","message":"HikariPool-1 - Thread starvation or clock leap detected (housekeeper delta=13m47s669ms)."}
{"timestamp":"2026-08-17T17:10:58.041506+05:30","level":"WARN","logger":"com.zaxxer.hikari.pool.HikariPool","thread":"HikariPool-1:housekeeper","message":"HikariPool-1 - Thread starvation or clock leap detected (housekeeper delta=17m18s547ms)."}
{"timestamp":"2026-08-17T17:26:18.912429+05:30","level":"INFO","logger":"com.netflix.discovery.DiscoveryClient","thread":"DiscoveryClient-HeartbeatExecutor-%d","message":"DiscoveryClient_PRODUCT-SERVICE/192.168.1.40:product-service:8082 - Re-registering apps/PRODUCT-SERVICE"}
{"timestamp":"2026-08-17T17:26:18.918797+05:30","level":"INFO","logger":"com.netflix.discovery.DiscoveryClient","thread":"DiscoveryClient-HeartbeatExecutor-%d","message":"DiscoveryClient_PRODUCT-SERVICE/192.168.1.40:product-service:8082: registering service..."}
{"timestamp":"2026-08-17T17:26:18.985856+05:30","level":"INFO","logger":"com.netflix.discovery.DiscoveryClient","thread":"DiscoveryClient-HeartbeatExecutor-%d","message":"DiscoveryClient_PRODUCT-SERVICE/192.168.1.40:product-service:8082 - registration status: 204"}
{"timestamp":"2026-08-17T17:26:27.945311+05:30","level":"WARN","logger":"com.zaxxer.hikari.pool.HikariPool","thread":"HikariPool-1:housekeeper","message":"HikariPool-1 - Thread starvation or clock leap detected (housekeeper delta=15m29s903ms)."}
{"timestamp":"2026-08-17T17:54:33.32365+05:30","level":"INFO","logger":"com.netflix.discovery.shared.resolver.aws.ConfigClusterResolver","thread":"AsyncResolver-bootstrap-executor-%d","message":"Resolving eureka endpoints via configuration"}
{"timestamp":"2026-08-17T17:54:34.290715+05:30","level":"WARN","logger":"com.zaxxer.hikari.pool.HikariPool","thread":"HikariPool-1:housekeeper","message":"HikariPool-1 - Thread starvation or clock leap detected (housekeeper delta=28m6s345ms)."}
{"timestamp":"2026-08-17T17:54:55.403433+05:30","level":"INFO","logger":"com.netflix.discovery.DiscoveryClient","thread":"DiscoveryClient-HeartbeatExecutor-%d","message":"DiscoveryClient_PRODUCT-SERVICE/192.168.1.40:product-service:8082 - Re-registering apps/PRODUCT-SERVICE"}
{"timestamp":"2026-08-17T17:54:55.404409+05:30","level":"INFO","logger":"com.netflix.discovery.DiscoveryClient","thread":"DiscoveryClient-HeartbeatExecutor-%d","message":"DiscoveryClient_PRODUCT-SERVICE/192.168.1.40:product-service:8082: registering service..."}
{"timestamp":"2026-08-17T17:54:55.428155+05:30","level":"INFO","logger":"com.netflix.discovery.DiscoveryClient","thread":"DiscoveryClient-HeartbeatExecutor-%d","message":"DiscoveryClient_PRODUCT-SERVICE/192.168.1.40:product-service:8082 - registration status: 204"}
{"timestamp":"2026-08-17T18:00:02.364704+05:30","level":"WARN","logger":"com.zaxxer.hikari.pool.HikariPool","thread":"HikariPool-1:housekeeper","message":"HikariPool-1 - Thread starvation or clock leap detected (housekeeper delta=4m57s387ms)."}
{"timestamp":"2026-08-17T18:04:01.38732+05:30","level":"INFO","logger":"com.netflix.discovery.shared.resolver.aws.ConfigClusterResolver","thread":"AsyncResolver-bootstrap-executor-%d","message":"Resolving eureka endpoints via configuration"}
{"timestamp":"2026-08-17T18:09:01.431611+05:30","level":"INFO","logger":"com.netflix.discovery.shared.resolver.aws.ConfigClusterResolver","thread":"AsyncResolver-bootstrap-executor-%d","message":"Resolving eureka endpoints via configuration"}
{"timestamp":"2026-08-17T18:14:01.45483+05:30","level":"INFO","logger":"com.netflix.discovery.shared.resolver.aws.ConfigClusterResolver","thread":"AsyncResolver-bootstrap-executor-%d","message":"Resolving eureka endpoints via configuration"}
{"timestamp":"2026-08-17T18:19:01.498655+05:30","level":"INFO","logger":"com.netflix.discovery.shared.resolver.aws.ConfigClusterResolver","thread":"AsyncResolver-bootstrap-executor-%d","message":"Resolving eureka endpoints via configuration"}
{"timestamp":"2026-08-17T18:21:03.754578+05:30","level":"WARN","logger":"com.zaxxer.hikari.pool.HikariPool","thread":"HikariPool-1:housekeeper","message":"HikariPool-1 - Thread starvation or clock leap detected (housekeeper delta=1m1s276ms)."}
{"timestamp":"2026-08-17T18:24:32.806315+05:30","level":"INFO","logger":"com.netflix.discovery.shared.resolver.aws.ConfigClusterResolver","thread":"AsyncResolver-bootstrap-executor-%d","message":"Resolving eureka endpoints via configuration"}
{"timestamp":"2026-08-17T18:29:32.838732+05:30","level":"INFO","logger":"com.netflix.discovery.shared.resolver.aws.ConfigClusterResolver","thread":"AsyncResolver-bootstrap-executor-%d","message":"Resolving eureka endpoints via configuration"}
{"timestamp":"2026-08-17T18:34:32.846788+05:30","level":"INFO","logger":"com.netflix.discovery.shared.resolver.aws.ConfigClusterResolver","thread":"AsyncResolver-bootstrap-executor-%d","message":"Resolving eureka endpoints via configuration"}
{"timestamp":"2026-08-17T18:54:32.899602+05:30","level":"INFO","logger":"com.netflix.discovery.shared.resolver.aws.ConfigClusterResolver","thread":"AsyncResolver-bootstrap-executor-%d","message":"Resolving eureka endpoints via configuration"}
{"timestamp":"2026-08-17T18:54:33.898948+05:30","level":"WARN","logger":"com.zaxxer.hikari.pool.HikariPool","thread":"HikariPool-1:housekeeper","message":"HikariPool-1 - Thread starvation or clock leap detected (housekeeper delta=15m30s44ms)."}
{"timestamp":"2026-08-17T19:27:22.513143+05:30","level":"WARN","logger":"com.zaxxer.hikari.pool.HikariPool","thread":"HikariPool-1:housekeeper","message":"HikariPool-1 - Thread starvation or clock leap detected (housekeeper delta=32m48s616ms)."}
{"timestamp":"2026-08-17T19:38:47.435311+05:30","level":"WARN","logger":"com.zaxxer.hikari.pool.HikariPool","thread":"HikariPool-1:housekeeper","message":"HikariPool-1 - Thread starvation or clock leap detected (housekeeper delta=11m24s921ms)."}
{"timestamp":"2026-08-17T19:40:53.74925+05:30","level":"INFO","logger":"org.springframework.cloud.netflix.eureka.serviceregistry.EurekaServiceRegistry","thread":"SpringApplicationShutdownHook","message":"Unregistering application PRODUCT-SERVICE with eureka with status DOWN"}
{"timestamp":"2026-08-17T19:40:53.763621+05:30","level":"INFO","logger":"com.netflix.discovery.DiscoveryClient","thread":"SpringApplicationShutdownHook","message":"Saw local status change event StatusChangeEvent [timestamp=1786975853763, current=DOWN, previous=UP]"}
{"timestamp":"2026-08-17T19:40:53.773026+05:30","level":"INFO","logger":"com.netflix.discovery.DiscoveryClient","thread":"DiscoveryClient-InstanceInfoReplicator-%d","message":"DiscoveryClient_PRODUCT-SERVICE/192.168.1.40:product-service:8082: registering service..."}
{"timestamp":"2026-08-17T19:40:54.076092+05:30","level":"INFO","logger":"com.netflix.discovery.DiscoveryClient","thread":"DiscoveryClient-InstanceInfoReplicator-%d","message":"DiscoveryClient_PRODUCT-SERVICE/192.168.1.40:product-service:8082 - registration status: 204"}
{"timestamp":"2026-08-17T19:40:54.302593+05:30","level":"INFO","logger":"org.springframework.boot.web.embedded.tomcat.GracefulShutdown","thread":"SpringApplicationShutdownHook","message":"Commencing graceful shutdown. Waiting for active requests to complete"}
{"timestamp":"2026-08-17T19:40:54.408813+05:30","level":"INFO","logger":"org.springframework.boot.web.embedded.tomcat.GracefulShutdown","thread":"tomcat-shutdown","message":"Graceful shutdown complete"}
{"timestamp":"2026-08-17T19:40:55.0515+05:30","level":"INFO","logger":"org.springframework.orm.jpa.LocalContainerEntityManagerFactoryBean","thread":"SpringApplicationShutdownHook","message":"Closing JPA EntityManagerFactory for persistence unit 'default'"}
{"timestamp":"2026-08-17T19:40:55.172209+05:30","level":"INFO","logger":"com.zaxxer.hikari.HikariDataSource","thread":"SpringApplicationShutdownHook","message":"HikariPool-1 - Shutdown initiated..."}
{"timestamp":"2026-08-17T19:40:55.196889+05:30","level":"INFO","logger":"com.zaxxer.hikari.HikariDataSource","thread":"SpringApplicationShutdownHook","message":"HikariPool-1 - Shutdown completed."}
{"timestamp":"2026-08-17T19:40:55.207394+05:30","level":"INFO","logger":"com.netflix.discovery.DiscoveryClient","thread":"SpringApplicationShutdownHook","message":"Shutting down DiscoveryClient ..."}
{"timestamp":"2026-08-17T19:40:58.220112+05:30","level":"INFO","logger":"com.netflix.discovery.DiscoveryClient","thread":"SpringApplicationShutdownHook","message":"Unregistering ..."}
{"timestamp":"2026-08-17T19:40:58.347479+05:30","level":"INFO","logger":"com.netflix.discovery.DiscoveryClient","thread":"SpringApplicationShutdownHook","message":"DiscoveryClient_PRODUCT-SERVICE/192.168.1.40:product-service:8082 - deregister  status: 200"}
{"timestamp":"2026-08-17T19:40:58.349587+05:30","level":"INFO","logger":"com.netflix.discovery.DiscoveryClient","thread":"SpringApplicationShutdownHook","message":"Completed shut down of DiscoveryClient"}
{"timestamp":"2026-08-17T21:51:15.905029+05:30","level":"INFO","logger":"org.hibernate.validator.internal.util.Version","thread":"background-preinit","message":"HV000001: Hibernate Validator 8.0.2.Final"}
{"timestamp":"2026-08-17T21:51:15.9636+05:30","level":"INFO","logger":"com.commercex.product.ProductServiceApplication","thread":"main","message":"Starting ProductServiceApplication using Java 21.0.11 with PID 20686 (/Users/kanchankumar/Desktop/project/microservices/commercex/services/product-service/target/classes started by kanchankumar in /Users/kanchankumar/Desktop/project/microservices/commercex/services/product-service)"}
{"timestamp":"2026-08-17T21:51:15.965274+05:30","level":"DEBUG","logger":"com.commercex.product.ProductServiceApplication","thread":"main","message":"Running with Spring Boot v3.5.3, Spring v6.2.8"}
{"timestamp":"2026-08-17T21:51:15.965722+05:30","level":"INFO","logger":"com.commercex.product.ProductServiceApplication","thread":"main","message":"No active profile set, falling back to 1 default profile: \"default\""}
{"timestamp":"2026-08-17T21:51:15.983282+05:30","level":"INFO","logger":"org.springframework.cloud.config.client.ConfigServerConfigDataLoader","thread":"main","message":"Fetching config from server at : http://localhost:8888"}
{"timestamp":"2026-08-17T21:51:15.983485+05:30","level":"INFO","logger":"org.springframework.cloud.config.client.ConfigServerConfigDataLoader","thread":"main","message":"Located environment: name=product-service, profiles=[default], label=null, version=null, state=null"}
{"timestamp":"2026-08-17T21:51:17.836082+05:30","level":"INFO","logger":"org.springframework.data.repository.config.RepositoryConfigurationDelegate","thread":"main","message":"Multiple Spring Data modules found, entering strict repository configuration mode"}
{"timestamp":"2026-08-17T21:51:17.848549+05:30","level":"INFO","logger":"org.springframework.data.repository.config.RepositoryConfigurationDelegate","thread":"main","message":"Bootstrapping Spring Data JPA repositories in DEFAULT mode."}
{"timestamp":"2026-08-17T21:51:18.0386+05:30","level":"INFO","logger":"org.springframework.data.repository.config.RepositoryConfigurationDelegate","thread":"main","message":"Finished Spring Data repository scanning in 181 ms. Found 3 JPA repository interfaces."}
{"timestamp":"2026-08-17T21:51:18.050351+05:30","level":"INFO","logger":"org.springframework.data.repository.config.RepositoryConfigurationDelegate","thread":"main","message":"Multiple Spring Data modules found, entering strict repository configuration mode"}
{"timestamp":"2026-08-17T21:51:18.051051+05:30","level":"INFO","logger":"org.springframework.data.repository.config.RepositoryConfigurationDelegate","thread":"main","message":"Bootstrapping Spring Data Redis repositories in DEFAULT mode."}
{"timestamp":"2026-08-17T21:51:18.062471+05:30","level":"INFO","logger":"org.springframework.data.repository.config.RepositoryConfigurationExtensionSupport","thread":"main","message":"Spring Data Redis - Could not safely identify store assignment for repository candidate interface com.commercex.product.repository.BrandRepository; If you want this repository to be a Redis repository, consider annotating your entities with one of these annotations: org.springframework.data.redis.core.RedisHash (preferred), or consider extending one of the following types with your repository: org.springframework.data.keyvalue.repository.KeyValueRepository"}
{"timestamp":"2026-08-17T21:51:18.062709+05:30","level":"INFO","logger":"org.springframework.data.repository.config.RepositoryConfigurationExtensionSupport","thread":"main","message":"Spring Data Redis - Could not safely identify store assignment for repository candidate interface com.commercex.product.repository.CategoryRepository; If you want this repository to be a Redis repository, consider annotating your entities with one of these annotations: org.springframework.data.redis.core.RedisHash (preferred), or consider extending one of the following types with your repository: org.springframework.data.keyvalue.repository.KeyValueRepository"}
{"timestamp":"2026-08-17T21:51:18.062836+05:30","level":"INFO","logger":"org.springframework.data.repository.config.RepositoryConfigurationExtensionSupport","thread":"main","message":"Spring Data Redis - Could not safely identify store assignment for repository candidate interface com.commercex.product.repository.ProductRepository; If you want this repository to be a Redis repository, consider annotating your entities with one of these annotations: org.springframework.data.redis.core.RedisHash (preferred), or consider extending one of the following types with your repository: org.springframework.data.keyvalue.repository.KeyValueRepository"}
{"timestamp":"2026-08-17T21:51:18.062943+05:30","level":"INFO","logger":"org.springframework.data.repository.config.RepositoryConfigurationDelegate","thread":"main","message":"Finished Spring Data repository scanning in 4 ms. Found 0 Redis repository interfaces."}
{"timestamp":"2026-08-17T21:51:18.212788+05:30","level":"INFO","logger":"org.springframework.cloud.context.scope.GenericScope","thread":"main","message":"BeanFactory id=103aede9-7ee1-3f1f-b2e7-6f7a6e2323e9"}
{"timestamp":"2026-08-17T21:51:18.492724+05:30","level":"INFO","logger":"org.springframework.boot.web.embedded.tomcat.TomcatWebServer","thread":"main","message":"Tomcat initialized with port 8082 (http)"}
{"timestamp":"2026-08-17T21:51:18.50778+05:30","level":"INFO","logger":"org.apache.coyote.http11.Http11NioProtocol","thread":"main","message":"Initializing ProtocolHandler [\"http-nio-8082\"]"}
{"timestamp":"2026-08-17T21:51:18.511745+05:30","level":"INFO","logger":"org.apache.catalina.core.StandardService","thread":"main","message":"Starting service [Tomcat]"}
{"timestamp":"2026-08-17T21:51:18.51193+05:30","level":"INFO","logger":"org.apache.catalina.core.StandardEngine","thread":"main","message":"Starting Servlet engine: [Apache Tomcat/10.1.42]"}
{"timestamp":"2026-08-17T21:51:18.542661+05:30","level":"INFO","logger":"org.apache.catalina.core.ContainerBase.[Tomcat].[localhost].[/]","thread":"main","message":"Initializing Spring embedded WebApplicationContext"}
{"timestamp":"2026-08-17T21:51:18.543111+05:30","level":"INFO","logger":"org.springframework.boot.web.servlet.context.ServletWebServerApplicationContext","thread":"main","message":"Root WebApplicationContext: initialization completed in 2558 ms"}
{"timestamp":"2026-08-17T21:51:18.663959+05:30","level":"DEBUG","logger":"com.commercex.common.logging.CorrelationIdFilter","thread":"main","message":"Filter 'correlationIdFilterRegistration' configured for use"}
{"timestamp":"2026-08-17T21:51:18.753187+05:30","level":"INFO","logger":"org.hibernate.jpa.internal.util.LogHelper","thread":"main","message":"HHH000204: Processing PersistenceUnitInfo [name: default]"}
{"timestamp":"2026-08-17T21:51:18.792183+05:30","level":"INFO","logger":"org.hibernate.Version","thread":"main","message":"HHH000412: Hibernate ORM core version 6.6.18.Final"}
{"timestamp":"2026-08-17T21:51:18.814787+05:30","level":"INFO","logger":"org.hibernate.cache.internal.RegionFactoryInitiator","thread":"main","message":"HHH000026: Second-level cache disabled"}
{"timestamp":"2026-08-17T21:51:18.991249+05:30","level":"INFO","logger":"org.springframework.orm.jpa.persistenceunit.SpringPersistenceUnitInfo","thread":"main","message":"No LoadTimeWeaver setup: ignoring JPA class transformer"}
{"timestamp":"2026-08-17T21:51:19.010422+05:30","level":"INFO","logger":"com.zaxxer.hikari.HikariDataSource","thread":"main","message":"HikariPool-1 - Starting..."}
{"timestamp":"2026-08-17T21:51:19.16271+05:30","level":"INFO","logger":"com.zaxxer.hikari.pool.HikariPool","thread":"main","message":"HikariPool-1 - Added connection org.postgresql.jdbc.PgConnection@c3745ae"}
{"timestamp":"2026-08-17T21:51:19.167367+05:30","level":"INFO","logger":"com.zaxxer.hikari.HikariDataSource","thread":"main","message":"HikariPool-1 - Start completed."}
{"timestamp":"2026-08-17T21:51:19.260141+05:30","level":"INFO","logger":"org.hibernate.orm.connections.pooling","thread":"main","message":"HHH10001005: Database info:\n\tDatabase JDBC URL [Connecting through datasource 'HikariDataSource (HikariPool-1)']\n\tDatabase driver: undefined/unknown\n\tDatabase version: 17.5\n\tAutocommit mode: undefined/unknown\n\tIsolation level: undefined/unknown\n\tMinimum pool size: undefined/unknown\n\tMaximum pool size: undefined/unknown"}
{"timestamp":"2026-08-17T21:51:19.842443+05:30","level":"INFO","logger":"org.hibernate.engine.transaction.jta.platform.internal.JtaPlatformInitiator","thread":"main","message":"HHH000489: No JTA platform available (set 'hibernate.transaction.jta.platform' to enable JTA platform integration)"}
{"timestamp":"2026-08-17T21:51:20.053635+05:30","level":"INFO","logger":"org.springframework.orm.jpa.LocalContainerEntityManagerFactoryBean","thread":"main","message":"Initialized JPA EntityManagerFactory for persistence unit 'default'"}
{"timestamp":"2026-08-17T21:51:20.67837+05:30","level":"WARN","logger":"org.springframework.boot.autoconfigure.orm.jpa.JpaBaseConfiguration$JpaWebConfiguration","thread":"main","message":"spring.jpa.open-in-view is enabled by default. Therefore, database queries may be performed during view rendering. Explicitly configure spring.jpa.open-in-view to disable this warning"}
{"timestamp":"2026-08-17T21:51:21.168781+05:30","level":"INFO","logger":"org.springframework.cloud.netflix.eureka.config.DiscoveryClientOptionalArgsConfiguration","thread":"main","message":"Eureka HTTP Client uses RestTemplate."}
{"timestamp":"2026-08-17T21:51:21.190501+05:30","level":"WARN","logger":"org.springframework.cloud.loadbalancer.config.LoadBalancerCacheAutoConfiguration$LoadBalancerCaffeineWarnLogger","thread":"main","message":"Spring Cloud LoadBalancer is currently working with the default cache. While this cache implementation is useful for development and tests, it's recommended to use Caffeine cache in production.You can switch to using Caffeine cache, by adding it and org.springframework.cache.caffeine.CaffeineCacheManager to the classpath."}
{"timestamp":"2026-08-17T21:51:21.194611+05:30","level":"INFO","logger":"org.springframework.boot.actuate.endpoint.web.EndpointLinksResolver","thread":"main","message":"Exposing 17 endpoints beneath base path '/actuator'"}
{"timestamp":"2026-08-17T21:51:21.248811+05:30","level":"INFO","logger":"org.springframework.cloud.netflix.eureka.InstanceInfoFactory","thread":"main","message":"Setting initial instance status as: STARTING"}
{"timestamp":"2026-08-17T21:51:21.266416+05:30","level":"INFO","logger":"com.netflix.discovery.DiscoveryClient","thread":"main","message":"Initializing Eureka in region us-east-1"}
{"timestamp":"2026-08-17T21:51:21.268653+05:30","level":"INFO","logger":"com.netflix.discovery.shared.resolver.aws.ConfigClusterResolver","thread":"main","message":"Resolving eureka endpoints via configuration"}
{"timestamp":"2026-08-17T21:51:21.275883+05:30","level":"INFO","logger":"com.netflix.discovery.DiscoveryClient","thread":"main","message":"Disable delta property : false"}
{"timestamp":"2026-08-17T21:51:21.276001+05:30","level":"INFO","logger":"com.netflix.discovery.DiscoveryClient","thread":"main","message":"Single vip registry refresh property : null"}
{"timestamp":"2026-08-17T21:51:21.276063+05:30","level":"INFO","logger":"com.netflix.discovery.DiscoveryClient","thread":"main","message":"Force full registry fetch : false"}
{"timestamp":"2026-08-17T21:51:21.276141+05:30","level":"INFO","logger":"com.netflix.discovery.DiscoveryClient","thread":"main","message":"Application is null : false"}
{"timestamp":"2026-08-17T21:51:21.276205+05:30","level":"INFO","logger":"com.netflix.discovery.DiscoveryClient","thread":"main","message":"Registered Applications size is zero : true"}
{"timestamp":"2026-08-17T21:51:21.276259+05:30","level":"INFO","logger":"com.netflix.discovery.DiscoveryClient","thread":"main","message":"Application version is -1: true"}
{"timestamp":"2026-08-17T21:51:21.276312+05:30","level":"INFO","logger":"com.netflix.discovery.DiscoveryClient","thread":"main","message":"Getting all instance registry info from the eureka server"}
{"timestamp":"2026-08-17T21:51:21.488081+05:30","level":"INFO","logger":"com.netflix.discovery.DiscoveryClient","thread":"main","message":"The response status is 200"}
{"timestamp":"2026-08-17T21:51:21.491116+05:30","level":"INFO","logger":"com.netflix.discovery.DiscoveryClient","thread":"main","message":"Starting heartbeat executor: renew interval is: 30"}
{"timestamp":"2026-08-17T21:51:21.494581+05:30","level":"INFO","logger":"com.netflix.discovery.InstanceInfoReplicator","thread":"main","message":"InstanceInfoReplicator onDemand update allowed rate per min is 4"}
{"timestamp":"2026-08-17T21:51:21.495287+05:30","level":"INFO","logger":"com.netflix.discovery.DiscoveryClient","thread":"main","message":"Discovery Client initialized at timestamp 1786983681495 with initial instances count: 5"}
{"timestamp":"2026-08-17T21:51:21.497419+05:30","level":"INFO","logger":"org.springframework.cloud.netflix.eureka.serviceregistry.EurekaServiceRegistry","thread":"main","message":"Registering application PRODUCT-SERVICE with eureka with status UP"}
{"timestamp":"2026-08-17T21:51:21.497737+05:30","level":"INFO","logger":"com.netflix.discovery.DiscoveryClient","thread":"main","message":"Saw local status change event StatusChangeEvent [timestamp=1786983681497, current=UP, previous=STARTING]"}
{"timestamp":"2026-08-17T21:51:21.500805+05:30","level":"INFO","logger":"org.apache.coyote.http11.Http11NioProtocol","thread":"main","message":"Starting ProtocolHandler [\"http-nio-8082\"]"}
{"timestamp":"2026-08-17T21:51:21.500677+05:30","level":"INFO","logger":"com.netflix.discovery.DiscoveryClient","thread":"DiscoveryClient-InstanceInfoReplicator-%d","message":"DiscoveryClient_PRODUCT-SERVICE/192.168.1.40:product-service:8082: registering service..."}
{"timestamp":"2026-08-17T21:51:21.528235+05:30","level":"INFO","logger":"org.springframework.boot.web.embedded.tomcat.TomcatWebServer","thread":"main","message":"Tomcat started on port 8082 (http) with context path '/'"}
{"timestamp":"2026-08-17T21:51:21.529079+05:30","level":"INFO","logger":"org.springframework.cloud.netflix.eureka.serviceregistry.EurekaAutoServiceRegistration","thread":"main","message":"Updating port to 8082"}
{"timestamp":"2026-08-17T21:51:21.535373+05:30","level":"INFO","logger":"com.netflix.discovery.DiscoveryClient","thread":"DiscoveryClient-InstanceInfoReplicator-%d","message":"DiscoveryClient_PRODUCT-SERVICE/192.168.1.40:product-service:8082 - registration status: 204"}
{"timestamp":"2026-08-17T21:51:21.550212+05:30","level":"INFO","logger":"com.commercex.product.ProductServiceApplication","thread":"main","message":"Started ProductServiceApplication in 6.601 seconds (process running for 8.451)"}
{"timestamp":"2026-08-17T21:51:21.609517+05:30","level":"INFO","logger":"com.commercex.product.ProductServiceApplication","thread":"main","message":"========================================"}
{"timestamp":"2026-08-17T21:51:21.609669+05:30","level":"INFO","logger":"com.commercex.product.ProductServiceApplication","thread":"main","message":" Product Service Started Successfully"}
{"timestamp":"2026-08-17T21:51:21.609728+05:30","level":"INFO","logger":"com.commercex.product.ProductServiceApplication","thread":"main","message":"========================================"}
{"timestamp":"2026-08-17T21:52:46.721411+05:30","level":"INFO","logger":"org.apache.catalina.core.ContainerBase.[Tomcat].[localhost].[/]","thread":"http-nio-8082-exec-1","trace_id":"4ba0f85e1534957f8f87f50c635420ec","trace_flags":"03","span_id":"7952270ec079e7c0","message":"Initializing Spring DispatcherServlet 'dispatcherServlet'"}
{"timestamp":"2026-08-17T21:52:46.723829+05:30","level":"INFO","logger":"org.springframework.web.servlet.DispatcherServlet","thread":"http-nio-8082-exec-1","trace_id":"4ba0f85e1534957f8f87f50c635420ec","trace_flags":"03","span_id":"7952270ec079e7c0","message":"Initializing Servlet 'dispatcherServlet'"}
{"timestamp":"2026-08-17T21:52:46.73647+05:30","level":"INFO","logger":"org.springframework.web.servlet.DispatcherServlet","thread":"http-nio-8082-exec-1","trace_id":"4ba0f85e1534957f8f87f50c635420ec","trace_flags":"03","span_id":"7952270ec079e7c0","message":"Completed initialization in 13 ms"}
{"timestamp":"2026-08-17T21:52:46.812154+05:30","level":"INFO","logger":"com.commercex.product.controller.ProductController","thread":"http-nio-8082-exec-1","correlationId":"TEMPO-TEST-001","trace_id":"4ba0f85e1534957f8f87f50c635420ec","trace_flags":"03","span_id":"7952270ec079e7c0","message":"Fetching all products"}
{"timestamp":"2026-08-17T21:52:46.991607+05:30","level":"WARN","logger":"org.springframework.data.web.config.SpringDataJacksonConfiguration$PageModule$WarningLoggingModifier","thread":"http-nio-8082-exec-1","correlationId":"TEMPO-TEST-001","trace_id":"4ba0f85e1534957f8f87f50c635420ec","trace_flags":"03","span_id":"7952270ec079e7c0","message":"Serializing PageImpl instances as-is is not supported, meaning that there is no guarantee about the stability of the resulting JSON structure!\n\tFor a stable JSON structure, please use Spring Data's PagedModel (globally via @EnableSpringDataWebSupport(pageSerializationMode = VIA_DTO))\n\tor Spring HATEOAS and Spring Data's PagedResourcesAssembler as documented in https://docs.spring.io/spring-data/commons/reference/repositories/core-extensions.html#core.web.pageables.\n"}
{"timestamp":"2026-08-17T21:55:10.000196+05:30","level":"INFO","logger":"org.springframework.cloud.netflix.eureka.serviceregistry.EurekaServiceRegistry","thread":"SpringApplicationShutdownHook","message":"Unregistering application PRODUCT-SERVICE with eureka with status DOWN"}
{"timestamp":"2026-08-17T21:55:10.006854+05:30","level":"INFO","logger":"com.netflix.discovery.DiscoveryClient","thread":"SpringApplicationShutdownHook","message":"Saw local status change event StatusChangeEvent [timestamp=1786983910006, current=DOWN, previous=UP]"}
{"timestamp":"2026-08-17T21:55:10.007341+05:30","level":"INFO","logger":"com.netflix.discovery.DiscoveryClient","thread":"DiscoveryClient-InstanceInfoReplicator-%d","message":"DiscoveryClient_PRODUCT-SERVICE/192.168.1.40:product-service:8082: registering service..."}
{"timestamp":"2026-08-17T21:55:10.048971+05:30","level":"INFO","logger":"com.netflix.discovery.DiscoveryClient","thread":"DiscoveryClient-InstanceInfoReplicator-%d","message":"DiscoveryClient_PRODUCT-SERVICE/192.168.1.40:product-service:8082 - registration status: 204"}
{"timestamp":"2026-08-17T21:55:10.05377+05:30","level":"INFO","logger":"org.springframework.boot.web.embedded.tomcat.GracefulShutdown","thread":"SpringApplicationShutdownHook","message":"Commencing graceful shutdown. Waiting for active requests to complete"}
{"timestamp":"2026-08-17T21:55:10.085833+05:30","level":"INFO","logger":"org.springframework.boot.web.embedded.tomcat.GracefulShutdown","thread":"tomcat-shutdown","message":"Graceful shutdown complete"}
{"timestamp":"2026-08-17T21:55:10.15268+05:30","level":"INFO","logger":"org.springframework.orm.jpa.LocalContainerEntityManagerFactoryBean","thread":"SpringApplicationShutdownHook","message":"Closing JPA EntityManagerFactory for persistence unit 'default'"}
{"timestamp":"2026-08-17T21:55:10.159541+05:30","level":"INFO","logger":"com.zaxxer.hikari.HikariDataSource","thread":"SpringApplicationShutdownHook","message":"HikariPool-1 - Shutdown initiated..."}
{"timestamp":"2026-08-17T21:55:10.166649+05:30","level":"INFO","logger":"com.zaxxer.hikari.HikariDataSource","thread":"SpringApplicationShutdownHook","message":"HikariPool-1 - Shutdown completed."}
{"timestamp":"2026-08-17T21:55:10.168904+05:30","level":"INFO","logger":"com.netflix.discovery.DiscoveryClient","thread":"SpringApplicationShutdownHook","message":"Shutting down DiscoveryClient ..."}
{"timestamp":"2026-08-17T21:55:13.17482+05:30","level":"INFO","logger":"com.netflix.discovery.DiscoveryClient","thread":"SpringApplicationShutdownHook","message":"Unregistering ..."}
{"timestamp":"2026-08-17T21:55:13.195018+05:30","level":"INFO","logger":"com.netflix.discovery.DiscoveryClient","thread":"SpringApplicationShutdownHook","message":"DiscoveryClient_PRODUCT-SERVICE/192.168.1.40:product-service:8082 - deregister  status: 200"}
{"timestamp":"2026-08-17T21:55:13.195501+05:30","level":"INFO","logger":"com.netflix.discovery.DiscoveryClient","thread":"SpringApplicationShutdownHook","message":"Completed shut down of DiscoveryClient"}
{"timestamp":"2026-08-17T21:55:24.500474+05:30","level":"INFO","logger":"org.hibernate.validator.internal.util.Version","thread":"background-preinit","message":"HV000001: Hibernate Validator 8.0.2.Final"}
{"timestamp":"2026-08-17T21:55:24.665258+05:30","level":"INFO","logger":"com.commercex.product.ProductServiceApplication","thread":"main","message":"Starting ProductServiceApplication using Java 21.0.11 with PID 20975 (/Users/kanchankumar/Desktop/project/microservices/commercex/services/product-service/target/classes started by kanchankumar in /Users/kanchankumar/Desktop/project/microservices/commercex/services/product-service)"}
{"timestamp":"2026-08-17T21:55:24.671814+05:30","level":"DEBUG","logger":"com.commercex.product.ProductServiceApplication","thread":"main","message":"Running with Spring Boot v3.5.3, Spring v6.2.8"}
{"timestamp":"2026-08-17T21:55:24.672519+05:30","level":"INFO","logger":"com.commercex.product.ProductServiceApplication","thread":"main","message":"No active profile set, falling back to 1 default profile: \"default\""}
{"timestamp":"2026-08-17T21:55:24.719419+05:30","level":"INFO","logger":"org.springframework.cloud.config.client.ConfigServerConfigDataLoader","thread":"main","message":"Fetching config from server at : http://localhost:8888"}
{"timestamp":"2026-08-17T21:55:24.719677+05:30","level":"INFO","logger":"org.springframework.cloud.config.client.ConfigServerConfigDataLoader","thread":"main","message":"Located environment: name=product-service, profiles=[default], label=null, version=null, state=null"}
{"timestamp":"2026-08-17T21:55:26.125396+05:30","level":"INFO","logger":"org.springframework.data.repository.config.RepositoryConfigurationDelegate","thread":"main","message":"Multiple Spring Data modules found, entering strict repository configuration mode"}
{"timestamp":"2026-08-17T21:55:26.134355+05:30","level":"INFO","logger":"org.springframework.data.repository.config.RepositoryConfigurationDelegate","thread":"main","message":"Bootstrapping Spring Data JPA repositories in DEFAULT mode."}
{"timestamp":"2026-08-17T21:55:26.274172+05:30","level":"INFO","logger":"org.springframework.data.repository.config.RepositoryConfigurationDelegate","thread":"main","message":"Finished Spring Data repository scanning in 133 ms. Found 3 JPA repository interfaces."}
{"timestamp":"2026-08-17T21:55:26.285497+05:30","level":"INFO","logger":"org.springframework.data.repository.config.RepositoryConfigurationDelegate","thread":"main","message":"Multiple Spring Data modules found, entering strict repository configuration mode"}
{"timestamp":"2026-08-17T21:55:26.28618+05:30","level":"INFO","logger":"org.springframework.data.repository.config.RepositoryConfigurationDelegate","thread":"main","message":"Bootstrapping Spring Data Redis repositories in DEFAULT mode."}
{"timestamp":"2026-08-17T21:55:26.297614+05:30","level":"INFO","logger":"org.springframework.data.repository.config.RepositoryConfigurationExtensionSupport","thread":"main","message":"Spring Data Redis - Could not safely identify store assignment for repository candidate interface com.commercex.product.repository.BrandRepository; If you want this repository to be a Redis repository, consider annotating your entities with one of these annotations: org.springframework.data.redis.core.RedisHash (preferred), or consider extending one of the following types with your repository: org.springframework.data.keyvalue.repository.KeyValueRepository"}
{"timestamp":"2026-08-17T21:55:26.297892+05:30","level":"INFO","logger":"org.springframework.data.repository.config.RepositoryConfigurationExtensionSupport","thread":"main","message":"Spring Data Redis - Could not safely identify store assignment for repository candidate interface com.commercex.product.repository.CategoryRepository; If you want this repository to be a Redis repository, consider annotating your entities with one of these annotations: org.springframework.data.redis.core.RedisHash (preferred), or consider extending one of the following types with your repository: org.springframework.data.keyvalue.repository.KeyValueRepository"}
{"timestamp":"2026-08-17T21:55:26.298049+05:30","level":"INFO","logger":"org.springframework.data.repository.config.RepositoryConfigurationExtensionSupport","thread":"main","message":"Spring Data Redis - Could not safely identify store assignment for repository candidate interface com.commercex.product.repository.ProductRepository; If you want this repository to be a Redis repository, consider annotating your entities with one of these annotations: org.springframework.data.redis.core.RedisHash (preferred), or consider extending one of the following types with your repository: org.springframework.data.keyvalue.repository.KeyValueRepository"}
{"timestamp":"2026-08-17T21:55:26.298185+05:30","level":"INFO","logger":"org.springframework.data.repository.config.RepositoryConfigurationDelegate","thread":"main","message":"Finished Spring Data repository scanning in 4 ms. Found 0 Redis repository interfaces."}
{"timestamp":"2026-08-17T21:55:26.46532+05:30","level":"INFO","logger":"org.springframework.cloud.context.scope.GenericScope","thread":"main","message":"BeanFactory id=103aede9-7ee1-3f1f-b2e7-6f7a6e2323e9"}
{"timestamp":"2026-08-17T21:55:26.771871+05:30","level":"INFO","logger":"org.springframework.boot.web.embedded.tomcat.TomcatWebServer","thread":"main","message":"Tomcat initialized with port 8082 (http)"}
{"timestamp":"2026-08-17T21:55:26.794075+05:30","level":"INFO","logger":"org.apache.coyote.http11.Http11NioProtocol","thread":"main","message":"Initializing ProtocolHandler [\"http-nio-8082\"]"}
{"timestamp":"2026-08-17T21:55:26.798198+05:30","level":"INFO","logger":"org.apache.catalina.core.StandardService","thread":"main","message":"Starting service [Tomcat]"}
{"timestamp":"2026-08-17T21:55:26.798502+05:30","level":"INFO","logger":"org.apache.catalina.core.StandardEngine","thread":"main","message":"Starting Servlet engine: [Apache Tomcat/10.1.42]"}
{"timestamp":"2026-08-17T21:55:26.85153+05:30","level":"INFO","logger":"org.apache.catalina.core.ContainerBase.[Tomcat].[localhost].[/]","thread":"main","message":"Initializing Spring embedded WebApplicationContext"}
{"timestamp":"2026-08-17T21:55:26.851984+05:30","level":"INFO","logger":"org.springframework.boot.web.servlet.context.ServletWebServerApplicationContext","thread":"main","message":"Root WebApplicationContext: initialization completed in 2130 ms"}
{"timestamp":"2026-08-17T21:55:26.962262+05:30","level":"DEBUG","logger":"com.commercex.common.logging.CorrelationIdFilter","thread":"main","message":"Filter 'correlationIdFilterRegistration' configured for use"}
{"timestamp":"2026-08-17T21:55:27.050074+05:30","level":"INFO","logger":"org.hibernate.jpa.internal.util.LogHelper","thread":"main","message":"HHH000204: Processing PersistenceUnitInfo [name: default]"}
{"timestamp":"2026-08-17T21:55:27.093057+05:30","level":"INFO","logger":"org.hibernate.Version","thread":"main","message":"HHH000412: Hibernate ORM core version 6.6.18.Final"}
{"timestamp":"2026-08-17T21:55:27.119312+05:30","level":"INFO","logger":"org.hibernate.cache.internal.RegionFactoryInitiator","thread":"main","message":"HHH000026: Second-level cache disabled"}
{"timestamp":"2026-08-17T21:55:27.289214+05:30","level":"INFO","logger":"org.springframework.orm.jpa.persistenceunit.SpringPersistenceUnitInfo","thread":"main","message":"No LoadTimeWeaver setup: ignoring JPA class transformer"}
{"timestamp":"2026-08-17T21:55:27.308741+05:30","level":"INFO","logger":"com.zaxxer.hikari.HikariDataSource","thread":"main","message":"HikariPool-1 - Starting..."}
{"timestamp":"2026-08-17T21:55:27.470828+05:30","level":"INFO","logger":"com.zaxxer.hikari.pool.HikariPool","thread":"main","message":"HikariPool-1 - Added connection org.postgresql.jdbc.PgConnection@33260ecd"}
{"timestamp":"2026-08-17T21:55:27.475329+05:30","level":"INFO","logger":"com.zaxxer.hikari.HikariDataSource","thread":"main","message":"HikariPool-1 - Start completed."}
{"timestamp":"2026-08-17T21:55:27.553841+05:30","level":"INFO","logger":"org.hibernate.orm.connections.pooling","thread":"main","message":"HHH10001005: Database info:\n\tDatabase JDBC URL [Connecting through datasource 'HikariDataSource (HikariPool-1)']\n\tDatabase driver: undefined/unknown\n\tDatabase version: 17.5\n\tAutocommit mode: undefined/unknown\n\tIsolation level: undefined/unknown\n\tMinimum pool size: undefined/unknown\n\tMaximum pool size: undefined/unknown"}
{"timestamp":"2026-08-17T21:55:28.497315+05:30","level":"INFO","logger":"org.hibernate.engine.transaction.jta.platform.internal.JtaPlatformInitiator","thread":"main","message":"HHH000489: No JTA platform available (set 'hibernate.transaction.jta.platform' to enable JTA platform integration)"}
{"timestamp":"2026-08-17T21:55:28.669045+05:30","level":"INFO","logger":"org.springframework.orm.jpa.LocalContainerEntityManagerFactoryBean","thread":"main","message":"Initialized JPA EntityManagerFactory for persistence unit 'default'"}
{"timestamp":"2026-08-17T21:55:29.331338+05:30","level":"WARN","logger":"org.springframework.boot.autoconfigure.orm.jpa.JpaBaseConfiguration$JpaWebConfiguration","thread":"main","message":"spring.jpa.open-in-view is enabled by default. Therefore, database queries may be performed during view rendering. Explicitly configure spring.jpa.open-in-view to disable this warning"}
{"timestamp":"2026-08-17T21:55:29.84042+05:30","level":"INFO","logger":"org.springframework.cloud.netflix.eureka.config.DiscoveryClientOptionalArgsConfiguration","thread":"main","message":"Eureka HTTP Client uses RestTemplate."}
{"timestamp":"2026-08-17T21:55:29.861875+05:30","level":"WARN","logger":"org.springframework.cloud.loadbalancer.config.LoadBalancerCacheAutoConfiguration$LoadBalancerCaffeineWarnLogger","thread":"main","message":"Spring Cloud LoadBalancer is currently working with the default cache. While this cache implementation is useful for development and tests, it's recommended to use Caffeine cache in production.You can switch to using Caffeine cache, by adding it and org.springframework.cache.caffeine.CaffeineCacheManager to the classpath."}
{"timestamp":"2026-08-17T21:55:29.865184+05:30","level":"INFO","logger":"org.springframework.boot.actuate.endpoint.web.EndpointLinksResolver","thread":"main","message":"Exposing 17 endpoints beneath base path '/actuator'"}
{"timestamp":"2026-08-17T21:55:29.915608+05:30","level":"INFO","logger":"org.springframework.cloud.netflix.eureka.InstanceInfoFactory","thread":"main","message":"Setting initial instance status as: STARTING"}
{"timestamp":"2026-08-17T21:55:29.933602+05:30","level":"INFO","logger":"com.netflix.discovery.DiscoveryClient","thread":"main","message":"Initializing Eureka in region us-east-1"}
{"timestamp":"2026-08-17T21:55:29.936035+05:30","level":"INFO","logger":"com.netflix.discovery.shared.resolver.aws.ConfigClusterResolver","thread":"main","message":"Resolving eureka endpoints via configuration"}
{"timestamp":"2026-08-17T21:55:29.944611+05:30","level":"INFO","logger":"com.netflix.discovery.DiscoveryClient","thread":"main","message":"Disable delta property : false"}
{"timestamp":"2026-08-17T21:55:29.9448+05:30","level":"INFO","logger":"com.netflix.discovery.DiscoveryClient","thread":"main","message":"Single vip registry refresh property : null"}
{"timestamp":"2026-08-17T21:55:29.944863+05:30","level":"INFO","logger":"com.netflix.discovery.DiscoveryClient","thread":"main","message":"Force full registry fetch : false"}
{"timestamp":"2026-08-17T21:55:29.944978+05:30","level":"INFO","logger":"com.netflix.discovery.DiscoveryClient","thread":"main","message":"Application is null : false"}
{"timestamp":"2026-08-17T21:55:29.945036+05:30","level":"INFO","logger":"com.netflix.discovery.DiscoveryClient","thread":"main","message":"Registered Applications size is zero : true"}
{"timestamp":"2026-08-17T21:55:29.94509+05:30","level":"INFO","logger":"com.netflix.discovery.DiscoveryClient","thread":"main","message":"Application version is -1: true"}
{"timestamp":"2026-08-17T21:55:29.945154+05:30","level":"INFO","logger":"com.netflix.discovery.DiscoveryClient","thread":"main","message":"Getting all instance registry info from the eureka server"}
{"timestamp":"2026-08-17T21:55:30.150018+05:30","level":"INFO","logger":"com.netflix.discovery.DiscoveryClient","thread":"main","message":"The response status is 200"}
{"timestamp":"2026-08-17T21:55:30.152977+05:30","level":"INFO","logger":"com.netflix.discovery.DiscoveryClient","thread":"main","message":"Starting heartbeat executor: renew interval is: 30"}
{"timestamp":"2026-08-17T21:55:30.156258+05:30","level":"INFO","logger":"com.netflix.discovery.InstanceInfoReplicator","thread":"main","message":"InstanceInfoReplicator onDemand update allowed rate per min is 4"}
{"timestamp":"2026-08-17T21:55:30.156991+05:30","level":"INFO","logger":"com.netflix.discovery.DiscoveryClient","thread":"main","message":"Discovery Client initialized at timestamp 1786983930156 with initial instances count: 5"}
{"timestamp":"2026-08-17T21:55:30.159523+05:30","level":"INFO","logger":"org.springframework.cloud.netflix.eureka.serviceregistry.EurekaServiceRegistry","thread":"main","message":"Registering application PRODUCT-SERVICE with eureka with status UP"}
{"timestamp":"2026-08-17T21:55:30.160045+05:30","level":"INFO","logger":"com.netflix.discovery.DiscoveryClient","thread":"main","message":"Saw local status change event StatusChangeEvent [timestamp=1786983930160, current=UP, previous=STARTING]"}
{"timestamp":"2026-08-17T21:55:30.16251+05:30","level":"INFO","logger":"org.apache.coyote.http11.Http11NioProtocol","thread":"main","message":"Starting ProtocolHandler [\"http-nio-8082\"]"}
{"timestamp":"2026-08-17T21:55:30.162454+05:30","level":"INFO","logger":"com.netflix.discovery.DiscoveryClient","thread":"DiscoveryClient-InstanceInfoReplicator-%d","message":"DiscoveryClient_PRODUCT-SERVICE/192.168.1.40:product-service:8082: registering service..."}
{"timestamp":"2026-08-17T21:55:30.193172+05:30","level":"INFO","logger":"com.netflix.discovery.DiscoveryClient","thread":"DiscoveryClient-InstanceInfoReplicator-%d","message":"DiscoveryClient_PRODUCT-SERVICE/192.168.1.40:product-service:8082 - registration status: 204"}
{"timestamp":"2026-08-17T21:55:30.194683+05:30","level":"INFO","logger":"org.springframework.boot.web.embedded.tomcat.TomcatWebServer","thread":"main","message":"Tomcat started on port 8082 (http) with context path '/'"}
{"timestamp":"2026-08-17T21:55:30.195107+05:30","level":"INFO","logger":"org.springframework.cloud.netflix.eureka.serviceregistry.EurekaAutoServiceRegistration","thread":"main","message":"Updating port to 8082"}
{"timestamp":"2026-08-17T21:55:30.209934+05:30","level":"INFO","logger":"com.commercex.product.ProductServiceApplication","thread":"main","message":"Started ProductServiceApplication in 7.864 seconds (process running for 9.361)"}
{"timestamp":"2026-08-17T21:55:30.26116+05:30","level":"INFO","logger":"com.commercex.product.ProductServiceApplication","thread":"main","message":"========================================"}
{"timestamp":"2026-08-17T21:55:30.261324+05:30","level":"INFO","logger":"com.commercex.product.ProductServiceApplication","thread":"main","message":" Product Service Started Successfully"}
{"timestamp":"2026-08-17T21:55:30.261382+05:30","level":"INFO","logger":"com.commercex.product.ProductServiceApplication","thread":"main","message":"========================================"}
{"timestamp":"2026-08-17T21:55:45.754019+05:30","level":"INFO","logger":"org.apache.catalina.core.ContainerBase.[Tomcat].[localhost].[/]","thread":"http-nio-8082-exec-1","trace_id":"312bc17e56de6c25f4a38c4e2e7b621f","trace_flags":"03","span_id":"b857d171f8ce8ba3","message":"Initializing Spring DispatcherServlet 'dispatcherServlet'"}
{"timestamp":"2026-08-17T21:55:45.755208+05:30","level":"INFO","logger":"org.springframework.web.servlet.DispatcherServlet","thread":"http-nio-8082-exec-1","trace_id":"312bc17e56de6c25f4a38c4e2e7b621f","trace_flags":"03","span_id":"b857d171f8ce8ba3","message":"Initializing Servlet 'dispatcherServlet'"}
{"timestamp":"2026-08-17T21:55:45.759252+05:30","level":"INFO","logger":"org.springframework.web.servlet.DispatcherServlet","thread":"http-nio-8082-exec-1","trace_id":"312bc17e56de6c25f4a38c4e2e7b621f","trace_flags":"03","span_id":"b857d171f8ce8ba3","message":"Completed initialization in 4 ms"}
{"timestamp":"2026-08-17T21:55:45.803208+05:30","level":"INFO","logger":"com.commercex.product.controller.ProductController","thread":"http-nio-8082-exec-1","correlationId":"TEMPO-TEST-001","trace_id":"312bc17e56de6c25f4a38c4e2e7b621f","trace_flags":"03","span_id":"b857d171f8ce8ba3","message":"Fetching all products"}
{"timestamp":"2026-08-17T21:55:45.95732+05:30","level":"WARN","logger":"org.springframework.data.web.config.SpringDataJacksonConfiguration$PageModule$WarningLoggingModifier","thread":"http-nio-8082-exec-1","correlationId":"TEMPO-TEST-001","trace_id":"312bc17e56de6c25f4a38c4e2e7b621f","trace_flags":"03","span_id":"b857d171f8ce8ba3","message":"Serializing PageImpl instances as-is is not supported, meaning that there is no guarantee about the stability of the resulting JSON structure!\n\tFor a stable JSON structure, please use Spring Data's PagedModel (globally via @EnableSpringDataWebSupport(pageSerializationMode = VIA_DTO))\n\tor Spring HATEOAS and Spring Data's PagedResourcesAssembler as documented in https://docs.spring.io/spring-data/commons/reference/repositories/core-extensions.html#core.web.pageables.\n"}
{"timestamp":"2026-08-17T22:00:29.946702+05:30","level":"INFO","logger":"com.netflix.discovery.shared.resolver.aws.ConfigClusterResolver","thread":"AsyncResolver-bootstrap-executor-%d","message":"Resolving eureka endpoints via configuration"}
{"timestamp":"2026-08-17T22:05:29.988838+05:30","level":"INFO","logger":"com.netflix.discovery.shared.resolver.aws.ConfigClusterResolver","thread":"AsyncResolver-bootstrap-executor-%d","message":"Resolving eureka endpoints via configuration"}
{"timestamp":"2026-08-17T22:05:46.813464+05:30","level":"INFO","logger":"org.springframework.cloud.netflix.eureka.serviceregistry.EurekaServiceRegistry","thread":"SpringApplicationShutdownHook","message":"Unregistering application PRODUCT-SERVICE with eureka with status DOWN"}
{"timestamp":"2026-08-17T22:05:46.815071+05:30","level":"INFO","logger":"com.netflix.discovery.DiscoveryClient","thread":"SpringApplicationShutdownHook","message":"Saw local status change event StatusChangeEvent [timestamp=1786984546815, current=DOWN, previous=UP]"}
{"timestamp":"2026-08-17T22:05:46.815585+05:30","level":"INFO","logger":"com.netflix.discovery.DiscoveryClient","thread":"DiscoveryClient-InstanceInfoReplicator-%d","message":"DiscoveryClient_PRODUCT-SERVICE/192.168.1.40:product-service:8082: registering service..."}
{"timestamp":"2026-08-17T22:05:46.9205+05:30","level":"INFO","logger":"com.netflix.discovery.DiscoveryClient","thread":"DiscoveryClient-InstanceInfoReplicator-%d","message":"DiscoveryClient_PRODUCT-SERVICE/192.168.1.40:product-service:8082 - registration status: 204"}
{"timestamp":"2026-08-17T22:05:46.961481+05:30","level":"INFO","logger":"org.springframework.boot.web.embedded.tomcat.GracefulShutdown","thread":"SpringApplicationShutdownHook","message":"Commencing graceful shutdown. Waiting for active requests to complete"}
{"timestamp":"2026-08-17T22:05:47.019189+05:30","level":"INFO","logger":"org.springframework.boot.web.embedded.tomcat.GracefulShutdown","thread":"tomcat-shutdown","message":"Graceful shutdown complete"}
{"timestamp":"2026-08-17T22:05:47.402875+05:30","level":"INFO","logger":"org.springframework.orm.jpa.LocalContainerEntityManagerFactoryBean","thread":"SpringApplicationShutdownHook","message":"Closing JPA EntityManagerFactory for persistence unit 'default'"}
{"timestamp":"2026-08-17T22:05:47.406275+05:30","level":"INFO","logger":"com.zaxxer.hikari.HikariDataSource","thread":"SpringApplicationShutdownHook","message":"HikariPool-1 - Shutdown initiated..."}
{"timestamp":"2026-08-17T22:05:47.417725+05:30","level":"INFO","logger":"com.zaxxer.hikari.HikariDataSource","thread":"SpringApplicationShutdownHook","message":"HikariPool-1 - Shutdown completed."}
{"timestamp":"2026-08-17T22:05:47.421522+05:30","level":"INFO","logger":"com.netflix.discovery.DiscoveryClient","thread":"SpringApplicationShutdownHook","message":"Shutting down DiscoveryClient ..."}
{"timestamp":"2026-08-17T22:05:50.430047+05:30","level":"INFO","logger":"com.netflix.discovery.DiscoveryClient","thread":"SpringApplicationShutdownHook","message":"Unregistering ..."}
{"timestamp":"2026-08-17T22:05:50.473716+05:30","level":"INFO","logger":"com.netflix.discovery.DiscoveryClient","thread":"SpringApplicationShutdownHook","message":"DiscoveryClient_PRODUCT-SERVICE/192.168.1.40:product-service:8082 - deregister  status: 200"}
{"timestamp":"2026-08-17T22:05:50.474084+05:30","level":"INFO","logger":"com.netflix.discovery.DiscoveryClient","thread":"SpringApplicationShutdownHook","message":"Completed shut down of DiscoveryClient"}
{"timestamp":"2026-08-17T22:06:03.779545+05:30","level":"INFO","logger":"org.hibernate.validator.internal.util.Version","thread":"background-preinit","message":"HV000001: Hibernate Validator 8.0.2.Final"}
{"timestamp":"2026-08-17T22:06:03.866369+05:30","level":"INFO","logger":"com.commercex.product.ProductServiceApplication","thread":"main","message":"Starting ProductServiceApplication using Java 21.0.11 with PID 21608 (/Users/kanchankumar/Desktop/project/microservices/commercex/services/product-service/target/classes started by kanchankumar in /Users/kanchankumar/Desktop/project/microservices/commercex/services/product-service)"}
{"timestamp":"2026-08-17T22:06:03.868431+05:30","level":"DEBUG","logger":"com.commercex.product.ProductServiceApplication","thread":"main","message":"Running with Spring Boot v3.5.3, Spring v6.2.8"}
{"timestamp":"2026-08-17T22:06:03.868883+05:30","level":"INFO","logger":"com.commercex.product.ProductServiceApplication","thread":"main","message":"No active profile set, falling back to 1 default profile: \"default\""}
{"timestamp":"2026-08-17T22:06:03.88798+05:30","level":"INFO","logger":"org.springframework.cloud.config.client.ConfigServerConfigDataLoader","thread":"main","message":"Fetching config from server at : http://localhost:8888"}
{"timestamp":"2026-08-17T22:06:03.888281+05:30","level":"INFO","logger":"org.springframework.cloud.config.client.ConfigServerConfigDataLoader","thread":"main","message":"Located environment: name=product-service, profiles=[default], label=null, version=null, state=null"}
{"timestamp":"2026-08-17T22:06:04.766852+05:30","level":"INFO","logger":"org.springframework.data.repository.config.RepositoryConfigurationDelegate","thread":"main","message":"Multiple Spring Data modules found, entering strict repository configuration mode"}
{"timestamp":"2026-08-17T22:06:04.773875+05:30","level":"INFO","logger":"org.springframework.data.repository.config.RepositoryConfigurationDelegate","thread":"main","message":"Bootstrapping Spring Data JPA repositories in DEFAULT mode."}
{"timestamp":"2026-08-17T22:06:04.900147+05:30","level":"INFO","logger":"org.springframework.data.repository.config.RepositoryConfigurationDelegate","thread":"main","message":"Finished Spring Data repository scanning in 120 ms. Found 3 JPA repository interfaces."}
{"timestamp":"2026-08-17T22:06:04.915921+05:30","level":"INFO","logger":"org.springframework.data.repository.config.RepositoryConfigurationDelegate","thread":"main","message":"Multiple Spring Data modules found, entering strict repository configuration mode"}
{"timestamp":"2026-08-17T22:06:04.916578+05:30","level":"INFO","logger":"org.springframework.data.repository.config.RepositoryConfigurationDelegate","thread":"main","message":"Bootstrapping Spring Data Redis repositories in DEFAULT mode."}
{"timestamp":"2026-08-17T22:06:04.931901+05:30","level":"INFO","logger":"org.springframework.data.repository.config.RepositoryConfigurationExtensionSupport","thread":"main","message":"Spring Data Redis - Could not safely identify store assignment for repository candidate interface com.commercex.product.repository.BrandRepository; If you want this repository to be a Redis repository, consider annotating your entities with one of these annotations: org.springframework.data.redis.core.RedisHash (preferred), or consider extending one of the following types with your repository: org.springframework.data.keyvalue.repository.KeyValueRepository"}
{"timestamp":"2026-08-17T22:06:04.932112+05:30","level":"INFO","logger":"org.springframework.data.repository.config.RepositoryConfigurationExtensionSupport","thread":"main","message":"Spring Data Redis - Could not safely identify store assignment for repository candidate interface com.commercex.product.repository.CategoryRepository; If you want this repository to be a Redis repository, consider annotating your entities with one of these annotations: org.springframework.data.redis.core.RedisHash (preferred), or consider extending one of the following types with your repository: org.springframework.data.keyvalue.repository.KeyValueRepository"}
{"timestamp":"2026-08-17T22:06:04.932227+05:30","level":"INFO","logger":"org.springframework.data.repository.config.RepositoryConfigurationExtensionSupport","thread":"main","message":"Spring Data Redis - Could not safely identify store assignment for repository candidate interface com.commercex.product.repository.ProductRepository; If you want this repository to be a Redis repository, consider annotating your entities with one of these annotations: org.springframework.data.redis.core.RedisHash (preferred), or consider extending one of the following types with your repository: org.springframework.data.keyvalue.repository.KeyValueRepository"}
{"timestamp":"2026-08-17T22:06:04.93312+05:30","level":"INFO","logger":"org.springframework.data.repository.config.RepositoryConfigurationDelegate","thread":"main","message":"Finished Spring Data repository scanning in 4 ms. Found 0 Redis repository interfaces."}
{"timestamp":"2026-08-17T22:06:05.078262+05:30","level":"INFO","logger":"org.springframework.cloud.context.scope.GenericScope","thread":"main","message":"BeanFactory id=103aede9-7ee1-3f1f-b2e7-6f7a6e2323e9"}
{"timestamp":"2026-08-17T22:06:05.315766+05:30","level":"INFO","logger":"org.springframework.boot.web.embedded.tomcat.TomcatWebServer","thread":"main","message":"Tomcat initialized with port 8082 (http)"}
{"timestamp":"2026-08-17T22:06:05.330708+05:30","level":"INFO","logger":"org.apache.coyote.http11.Http11NioProtocol","thread":"main","message":"Initializing ProtocolHandler [\"http-nio-8082\"]"}
{"timestamp":"2026-08-17T22:06:05.333768+05:30","level":"INFO","logger":"org.apache.catalina.core.StandardService","thread":"main","message":"Starting service [Tomcat]"}
{"timestamp":"2026-08-17T22:06:05.333909+05:30","level":"INFO","logger":"org.apache.catalina.core.StandardEngine","thread":"main","message":"Starting Servlet engine: [Apache Tomcat/10.1.42]"}
{"timestamp":"2026-08-17T22:06:05.36865+05:30","level":"INFO","logger":"org.apache.catalina.core.ContainerBase.[Tomcat].[localhost].[/]","thread":"main","message":"Initializing Spring embedded WebApplicationContext"}
{"timestamp":"2026-08-17T22:06:05.369167+05:30","level":"INFO","logger":"org.springframework.boot.web.servlet.context.ServletWebServerApplicationContext","thread":"main","message":"Root WebApplicationContext: initialization completed in 1478 ms"}
{"timestamp":"2026-08-17T22:06:05.485369+05:30","level":"DEBUG","logger":"com.commercex.common.logging.CorrelationIdFilter","thread":"main","message":"Filter 'correlationIdFilterRegistration' configured for use"}
{"timestamp":"2026-08-17T22:06:05.576325+05:30","level":"INFO","logger":"org.hibernate.jpa.internal.util.LogHelper","thread":"main","message":"HHH000204: Processing PersistenceUnitInfo [name: default]"}
{"timestamp":"2026-08-17T22:06:05.624723+05:30","level":"INFO","logger":"org.hibernate.Version","thread":"main","message":"HHH000412: Hibernate ORM core version 6.6.18.Final"}
{"timestamp":"2026-08-17T22:06:05.646317+05:30","level":"INFO","logger":"org.hibernate.cache.internal.RegionFactoryInitiator","thread":"main","message":"HHH000026: Second-level cache disabled"}
{"timestamp":"2026-08-17T22:06:05.809829+05:30","level":"INFO","logger":"org.springframework.orm.jpa.persistenceunit.SpringPersistenceUnitInfo","thread":"main","message":"No LoadTimeWeaver setup: ignoring JPA class transformer"}
{"timestamp":"2026-08-17T22:06:05.829454+05:30","level":"INFO","logger":"com.zaxxer.hikari.HikariDataSource","thread":"main","message":"HikariPool-1 - Starting..."}
{"timestamp":"2026-08-17T22:06:06.113763+05:30","level":"INFO","logger":"com.zaxxer.hikari.pool.HikariPool","thread":"main","message":"HikariPool-1 - Added connection org.postgresql.jdbc.PgConnection@164fba04"}
{"timestamp":"2026-08-17T22:06:06.118454+05:30","level":"INFO","logger":"com.zaxxer.hikari.HikariDataSource","thread":"main","message":"HikariPool-1 - Start completed."}
{"timestamp":"2026-08-17T22:06:06.212033+05:30","level":"INFO","logger":"org.hibernate.orm.connections.pooling","thread":"main","message":"HHH10001005: Database info:\n\tDatabase JDBC URL [Connecting through datasource 'HikariDataSource (HikariPool-1)']\n\tDatabase driver: undefined/unknown\n\tDatabase version: 17.5\n\tAutocommit mode: undefined/unknown\n\tIsolation level: undefined/unknown\n\tMinimum pool size: undefined/unknown\n\tMaximum pool size: undefined/unknown"}
{"timestamp":"2026-08-17T22:06:06.779405+05:30","level":"INFO","logger":"org.hibernate.engine.transaction.jta.platform.internal.JtaPlatformInitiator","thread":"main","message":"HHH000489: No JTA platform available (set 'hibernate.transaction.jta.platform' to enable JTA platform integration)"}
{"timestamp":"2026-08-17T22:06:06.966681+05:30","level":"INFO","logger":"org.springframework.orm.jpa.LocalContainerEntityManagerFactoryBean","thread":"main","message":"Initialized JPA EntityManagerFactory for persistence unit 'default'"}
{"timestamp":"2026-08-17T22:06:07.640832+05:30","level":"WARN","logger":"org.springframework.boot.autoconfigure.orm.jpa.JpaBaseConfiguration$JpaWebConfiguration","thread":"main","message":"spring.jpa.open-in-view is enabled by default. Therefore, database queries may be performed during view rendering. Explicitly configure spring.jpa.open-in-view to disable this warning"}
{"timestamp":"2026-08-17T22:06:08.139265+05:30","level":"INFO","logger":"org.springframework.cloud.netflix.eureka.config.DiscoveryClientOptionalArgsConfiguration","thread":"main","message":"Eureka HTTP Client uses RestTemplate."}
{"timestamp":"2026-08-17T22:06:08.160047+05:30","level":"WARN","logger":"org.springframework.cloud.loadbalancer.config.LoadBalancerCacheAutoConfiguration$LoadBalancerCaffeineWarnLogger","thread":"main","message":"Spring Cloud LoadBalancer is currently working with the default cache. While this cache implementation is useful for development and tests, it's recommended to use Caffeine cache in production.You can switch to using Caffeine cache, by adding it and org.springframework.cache.caffeine.CaffeineCacheManager to the classpath."}
{"timestamp":"2026-08-17T22:06:08.163407+05:30","level":"INFO","logger":"org.springframework.boot.actuate.endpoint.web.EndpointLinksResolver","thread":"main","message":"Exposing 17 endpoints beneath base path '/actuator'"}
{"timestamp":"2026-08-17T22:06:08.212551+05:30","level":"INFO","logger":"org.springframework.cloud.netflix.eureka.InstanceInfoFactory","thread":"main","message":"Setting initial instance status as: STARTING"}
{"timestamp":"2026-08-17T22:06:08.230036+05:30","level":"INFO","logger":"com.netflix.discovery.DiscoveryClient","thread":"main","message":"Initializing Eureka in region us-east-1"}
{"timestamp":"2026-08-17T22:06:08.23242+05:30","level":"INFO","logger":"com.netflix.discovery.shared.resolver.aws.ConfigClusterResolver","thread":"main","message":"Resolving eureka endpoints via configuration"}
{"timestamp":"2026-08-17T22:06:08.241391+05:30","level":"INFO","logger":"com.netflix.discovery.DiscoveryClient","thread":"main","message":"Disable delta property : false"}
{"timestamp":"2026-08-17T22:06:08.241564+05:30","level":"INFO","logger":"com.netflix.discovery.DiscoveryClient","thread":"main","message":"Single vip registry refresh property : null"}
{"timestamp":"2026-08-17T22:06:08.241624+05:30","level":"INFO","logger":"com.netflix.discovery.DiscoveryClient","thread":"main","message":"Force full registry fetch : false"}
{"timestamp":"2026-08-17T22:06:08.241695+05:30","level":"INFO","logger":"com.netflix.discovery.DiscoveryClient","thread":"main","message":"Application is null : false"}
{"timestamp":"2026-08-17T22:06:08.241762+05:30","level":"INFO","logger":"com.netflix.discovery.DiscoveryClient","thread":"main","message":"Registered Applications size is zero : true"}
{"timestamp":"2026-08-17T22:06:08.241817+05:30","level":"INFO","logger":"com.netflix.discovery.DiscoveryClient","thread":"main","message":"Application version is -1: true"}
{"timestamp":"2026-08-17T22:06:08.241872+05:30","level":"INFO","logger":"com.netflix.discovery.DiscoveryClient","thread":"main","message":"Getting all instance registry info from the eureka server"}
{"timestamp":"2026-08-17T22:06:08.469335+05:30","level":"INFO","logger":"com.netflix.discovery.DiscoveryClient","thread":"main","message":"The response status is 200"}
{"timestamp":"2026-08-17T22:06:08.472231+05:30","level":"INFO","logger":"com.netflix.discovery.DiscoveryClient","thread":"main","message":"Starting heartbeat executor: renew interval is: 30"}
{"timestamp":"2026-08-17T22:06:08.475482+05:30","level":"INFO","logger":"com.netflix.discovery.InstanceInfoReplicator","thread":"main","message":"InstanceInfoReplicator onDemand update allowed rate per min is 4"}
{"timestamp":"2026-08-17T22:06:08.476163+05:30","level":"INFO","logger":"com.netflix.discovery.DiscoveryClient","thread":"main","message":"Discovery Client initialized at timestamp 1786984568476 with initial instances count: 6"}
{"timestamp":"2026-08-17T22:06:08.478166+05:30","level":"INFO","logger":"org.springframework.cloud.netflix.eureka.serviceregistry.EurekaServiceRegistry","thread":"main","message":"Registering application PRODUCT-SERVICE with eureka with status UP"}
{"timestamp":"2026-08-17T22:06:08.47833+05:30","level":"INFO","logger":"com.netflix.discovery.DiscoveryClient","thread":"main","message":"Saw local status change event StatusChangeEvent [timestamp=1786984568478, current=UP, previous=STARTING]"}
{"timestamp":"2026-08-17T22:06:08.48075+05:30","level":"INFO","logger":"org.apache.coyote.http11.Http11NioProtocol","thread":"main","message":"Starting ProtocolHandler [\"http-nio-8082\"]"}
{"timestamp":"2026-08-17T22:06:08.480736+05:30","level":"INFO","logger":"com.netflix.discovery.DiscoveryClient","thread":"DiscoveryClient-InstanceInfoReplicator-%d","message":"DiscoveryClient_PRODUCT-SERVICE/192.168.1.40:product-service:8082: registering service..."}
{"timestamp":"2026-08-17T22:06:08.505448+05:30","level":"INFO","logger":"org.springframework.boot.web.embedded.tomcat.TomcatWebServer","thread":"main","message":"Tomcat started on port 8082 (http) with context path '/'"}
{"timestamp":"2026-08-17T22:06:08.505974+05:30","level":"INFO","logger":"org.springframework.cloud.netflix.eureka.serviceregistry.EurekaAutoServiceRegistration","thread":"main","message":"Updating port to 8082"}
{"timestamp":"2026-08-17T22:06:08.515606+05:30","level":"INFO","logger":"com.netflix.discovery.DiscoveryClient","thread":"DiscoveryClient-InstanceInfoReplicator-%d","message":"DiscoveryClient_PRODUCT-SERVICE/192.168.1.40:product-service:8082 - registration status: 204"}
{"timestamp":"2026-08-17T22:06:08.530221+05:30","level":"INFO","logger":"com.commercex.product.ProductServiceApplication","thread":"main","message":"Started ProductServiceApplication in 5.797 seconds (process running for 8.781)"}
{"timestamp":"2026-08-17T22:06:08.588696+05:30","level":"INFO","logger":"com.commercex.product.ProductServiceApplication","thread":"main","message":"========================================"}
{"timestamp":"2026-08-17T22:06:08.588869+05:30","level":"INFO","logger":"com.commercex.product.ProductServiceApplication","thread":"main","message":" Product Service Started Successfully"}
{"timestamp":"2026-08-17T22:06:08.588932+05:30","level":"INFO","logger":"com.commercex.product.ProductServiceApplication","thread":"main","message":"========================================"}
{"timestamp":"2026-08-17T22:06:22.144532+05:30","level":"INFO","logger":"org.apache.catalina.core.ContainerBase.[Tomcat].[localhost].[/]","thread":"http-nio-8082-exec-1","trace_id":"b55d4eef0c7d56a20113fcaf9e05f4b7","trace_flags":"03","span_id":"ef849778aaa210b0","message":"Initializing Spring DispatcherServlet 'dispatcherServlet'"}
{"timestamp":"2026-08-17T22:06:22.145406+05:30","level":"INFO","logger":"org.springframework.web.servlet.DispatcherServlet","thread":"http-nio-8082-exec-1","trace_id":"b55d4eef0c7d56a20113fcaf9e05f4b7","trace_flags":"03","span_id":"ef849778aaa210b0","message":"Initializing Servlet 'dispatcherServlet'"}
{"timestamp":"2026-08-17T22:06:22.154561+05:30","level":"INFO","logger":"org.springframework.web.servlet.DispatcherServlet","thread":"http-nio-8082-exec-1","trace_id":"b55d4eef0c7d56a20113fcaf9e05f4b7","trace_flags":"03","span_id":"ef849778aaa210b0","message":"Completed initialization in 9 ms"}
{"timestamp":"2026-08-17T22:06:22.234973+05:30","level":"INFO","logger":"com.commercex.product.controller.ProductController","thread":"http-nio-8082-exec-1","correlationId":"TEMPO-TEST-003","trace_id":"b55d4eef0c7d56a20113fcaf9e05f4b7","trace_flags":"03","span_id":"ef849778aaa210b0","message":"Fetching all products"}
{"timestamp":"2026-08-17T22:06:22.384029+05:30","level":"WARN","logger":"org.springframework.data.web.config.SpringDataJacksonConfiguration$PageModule$WarningLoggingModifier","thread":"http-nio-8082-exec-1","correlationId":"TEMPO-TEST-003","trace_id":"b55d4eef0c7d56a20113fcaf9e05f4b7","trace_flags":"03","span_id":"ef849778aaa210b0","message":"Serializing PageImpl instances as-is is not supported, meaning that there is no guarantee about the stability of the resulting JSON structure!\n\tFor a stable JSON structure, please use Spring Data's PagedModel (globally via @EnableSpringDataWebSupport(pageSerializationMode = VIA_DTO))\n\tor Spring HATEOAS and Spring Data's PagedResourcesAssembler as documented in https://docs.spring.io/spring-data/commons/reference/repositories/core-extensions.html#core.web.pageables.\n"}
{"timestamp":"2026-08-17T22:11:08.255887+05:30","level":"INFO","logger":"com.netflix.discovery.shared.resolver.aws.ConfigClusterResolver","thread":"AsyncResolver-bootstrap-executor-%d","message":"Resolving eureka endpoints via configuration"}
{"timestamp":"2026-08-17T22:15:31.413592+05:30","level":"ERROR","logger":"com.commercex.common.exception.GlobalExceptionHandler","thread":"http-nio-8082-exec-2","correlationId":"66868623-9104-410b-9783-5708a2503151","trace_id":"03371762058cc0ee9407cfb12aa27dbc","trace_flags":"03","span_id":"e808b270365c8171","message":"Unhandled Exception","stack_trace":"org.springframework.web.servlet.resource.NoResourceFoundException: No static resource actuator/prometheus.\n\tat org.springframework.web.servlet.resource.ResourceHttpRequestHandler.handleRequest(ResourceHttpRequestHandler.java:585)\n\tat org.springframework.web.servlet.mvc.HttpRequestHandlerAdapter.handle(HttpRequestHandlerAdapter.java:52)\n\tat org.springframework.web.servlet.DispatcherServlet.doDispatch(DispatcherServlet.java:1089)\n\tat org.springframework.web.servlet.DispatcherServlet.doService(DispatcherServlet.java:979)\n\tat org.springframework.web.servlet.FrameworkServlet.processRequest(FrameworkServlet.java:1014)\n\tat org.springframework.web.servlet.FrameworkServlet.doGet(FrameworkServlet.java:903)\n\tat jakarta.servlet.http.HttpServlet.service(HttpServlet.java:564)\n\tat org.springframework.web.servlet.FrameworkServlet.service(FrameworkServlet.java:885)\n\tat jakarta.servlet.http.HttpServlet.service(HttpServlet.java:658)\n\tat org.apache.catalina.core.ApplicationFilterChain.internalDoFilter(ApplicationFilterChain.java:195)\n\tat org.apache.catalina.core.ApplicationFilterChain.doFilter(ApplicationFilterChain.java:140)\n\tat org.apache.tomcat.websocket.server.WsFilter.doFilter(WsFilter.java:51)\n\tat org.apache.catalina.core.ApplicationFilterChain.internalDoFilter(ApplicationFilterChain.java:164)\n\tat org.apache.catalina.core.ApplicationFilterChain.doFilter(ApplicationFilterChain.java:140)\n\tat com.commercex.common.logging.CorrelationIdFilter.doFilterInternal(CorrelationIdFilter.java:44)\n\tat org.springframework.web.filter.OncePerRequestFilter.doFilter(OncePerRequestFilter.java:116)\n\tat org.apache.catalina.core.ApplicationFilterChain.internalDoFilter(ApplicationFilterChain.java:164)\n\tat org.apache.catalina.core.ApplicationFilterChain.doFilter(ApplicationFilterChain.java:140)\n\tat org.springframework.web.filter.RequestContextFilter.doFilterInternal(RequestContextFilter.java:100)\n\tat org.springframework.web.filter.OncePerRequestFilter.doFilter(OncePerRequestFilter.java:116)\n\tat org.apache.catalina.core.ApplicationFilterChain.internalDoFilter(ApplicationFilterChain.java:164)\n\tat org.apache.catalina.core.ApplicationFilterChain.doFilter(ApplicationFilterChain.java:140)\n\tat org.springframework.web.filter.FormContentFilter.doFilterInternal(FormContentFilter.java:93)\n\tat org.springframework.web.filter.OncePerRequestFilter.doFilter(OncePerRequestFilter.java:116)\n\tat org.apache.catalina.core.ApplicationFilterChain.internalDoFilter(ApplicationFilterChain.java:164)\n\tat org.apache.catalina.core.ApplicationFilterChain.doFilter(ApplicationFilterChain.java:140)\n\tat org.springframework.web.servlet.v6_0.OpenTelemetryHandlerMappingFilter.doFilter(OpenTelemetryHandlerMappingFilter.java:78)\n\tat org.apache.catalina.core.ApplicationFilterChain.internalDoFilter(ApplicationFilterChain.java:164)\n\tat org.apache.catalina.core.ApplicationFilterChain.doFilter(ApplicationFilterChain.java:140)\n\tat org.springframework.web.filter.ServerHttpObservationFilter.doFilterInternal(ServerHttpObservationFilter.java:114)\n\tat org.springframework.web.filter.OncePerRequestFilter.doFilter(OncePerRequestFilter.java:116)\n\tat org.apache.catalina.core.ApplicationFilterChain.internalDoFilter(ApplicationFilterChain.java:164)\n\tat org.apache.catalina.core.ApplicationFilterChain.doFilter(ApplicationFilterChain.java:140)\n\tat org.springframework.web.filter.CharacterEncodingFilter.doFilterInternal(CharacterEncodingFilter.java:201)\n\tat org.springframework.web.filter.OncePerRequestFilter.doFilter(OncePerRequestFilter.java:116)\n\tat org.apache.catalina.core.ApplicationFilterChain.internalDoFilter(ApplicationFilterChain.java:164)\n\tat org.apache.catalina.core.ApplicationFilterChain.doFilter(ApplicationFilterChain.java:140)\n\tat org.apache.catalina.core.StandardWrapperValve.invoke(StandardWrapperValve.java:167)\n\tat org.apache.catalina.core.StandardContextValve.invoke(StandardContextValve.java:90)\n\tat org.apache.catalina.authenticator.AuthenticatorBase.invoke(AuthenticatorBase.java:483)\n\tat org.apache.catalina.core.StandardHostValve.invoke(StandardHostValve.java:116)\n\tat org.apache.catalina.valves.ErrorReportValve.invoke(ErrorReportValve.java:93)\n\tat org.apache.catalina.core.StandardEngineValve.invoke(StandardEngineValve.java:74)\n\tat org.apache.catalina.connector.CoyoteAdapter.service(CoyoteAdapter.java:344)\n\tat org.apache.coyote.http11.Http11Processor.service(Http11Processor.java:398)\n\tat org.apache.coyote.AbstractProcessorLight.process(AbstractProcessorLight.java:63)\n\tat org.apache.coyote.AbstractProtocol$ConnectionHandler.process(AbstractProtocol.java:903)\n\tat org.apache.tomcat.util.net.NioEndpoint$SocketProcessor.doRun(NioEndpoint.java:1769)\n\tat org.apache.tomcat.util.net.SocketProcessorBase.run(SocketProcessorBase.java:52)\n\tat org.apache.tomcat.util.threads.ThreadPoolExecutor.runWorker(ThreadPoolExecutor.java:1189)\n\tat org.apache.tomcat.util.threads.ThreadPoolExecutor$Worker.run(ThreadPoolExecutor.java:658)\n\tat org.apache.tomcat.util.threads.TaskThread$WrappingRunnable.run(TaskThread.java:63)\n\tat java.base/java.lang.Thread.run(Thread.java:1583)\n"}
{"timestamp":"2026-08-17T22:15:40.356498+05:30","level":"ERROR","logger":"com.commercex.common.exception.GlobalExceptionHandler","thread":"http-nio-8082-exec-3","correlationId":"a5458765-e33b-4eb7-8eb6-9ca28b874d4d","trace_id":"4bf462591c4f1160d6baabc2df6179e6","trace_flags":"03","span_id":"3e5b8e9fde93dd9c","message":"Unhandled Exception","stack_trace":"org.springframework.web.servlet.resource.NoResourceFoundException: No static resource actuator/prometheus.\n\tat org.springframework.web.servlet.resource.ResourceHttpRequestHandler.handleRequest(ResourceHttpRequestHandler.java:585)\n\tat org.springframework.web.servlet.mvc.HttpRequestHandlerAdapter.handle(HttpRequestHandlerAdapter.java:52)\n\tat org.springframework.web.servlet.DispatcherServlet.doDispatch(DispatcherServlet.java:1089)\n\tat org.springframework.web.servlet.DispatcherServlet.doService(DispatcherServlet.java:979)\n\tat org.springframework.web.servlet.FrameworkServlet.processRequest(FrameworkServlet.java:1014)\n\tat org.springframework.web.servlet.FrameworkServlet.doGet(FrameworkServlet.java:903)\n\tat jakarta.servlet.http.HttpServlet.service(HttpServlet.java:564)\n\tat org.springframework.web.servlet.FrameworkServlet.service(FrameworkServlet.java:885)\n\tat jakarta.servlet.http.HttpServlet.service(HttpServlet.java:658)\n\tat org.apache.catalina.core.ApplicationFilterChain.internalDoFilter(ApplicationFilterChain.java:195)\n\tat org.apache.catalina.core.ApplicationFilterChain.doFilter(ApplicationFilterChain.java:140)\n\tat org.apache.tomcat.websocket.server.WsFilter.doFilter(WsFilter.java:51)\n\tat org.apache.catalina.core.ApplicationFilterChain.internalDoFilter(ApplicationFilterChain.java:164)\n\tat org.apache.catalina.core.ApplicationFilterChain.doFilter(ApplicationFilterChain.java:140)\n\tat com.commercex.common.logging.CorrelationIdFilter.doFilterInternal(CorrelationIdFilter.java:44)\n\tat org.springframework.web.filter.OncePerRequestFilter.doFilter(OncePerRequestFilter.java:116)\n\tat org.apache.catalina.core.ApplicationFilterChain.internalDoFilter(ApplicationFilterChain.java:164)\n\tat org.apache.catalina.core.ApplicationFilterChain.doFilter(ApplicationFilterChain.java:140)\n\tat org.springframework.web.filter.RequestContextFilter.doFilterInternal(RequestContextFilter.java:100)\n\tat org.springframework.web.filter.OncePerRequestFilter.doFilter(OncePerRequestFilter.java:116)\n\tat org.apache.catalina.core.ApplicationFilterChain.internalDoFilter(ApplicationFilterChain.java:164)\n\tat org.apache.catalina.core.ApplicationFilterChain.doFilter(ApplicationFilterChain.java:140)\n\tat org.springframework.web.filter.FormContentFilter.doFilterInternal(FormContentFilter.java:93)\n\tat org.springframework.web.filter.OncePerRequestFilter.doFilter(OncePerRequestFilter.java:116)\n\tat org.apache.catalina.core.ApplicationFilterChain.internalDoFilter(ApplicationFilterChain.java:164)\n\tat org.apache.catalina.core.ApplicationFilterChain.doFilter(ApplicationFilterChain.java:140)\n\tat org.springframework.web.servlet.v6_0.OpenTelemetryHandlerMappingFilter.doFilter(OpenTelemetryHandlerMappingFilter.java:78)\n\tat org.apache.catalina.core.ApplicationFilterChain.internalDoFilter(ApplicationFilterChain.java:164)\n\tat org.apache.catalina.core.ApplicationFilterChain.doFilter(ApplicationFilterChain.java:140)\n\tat org.springframework.web.filter.ServerHttpObservationFilter.doFilterInternal(ServerHttpObservationFilter.java:114)\n\tat org.springframework.web.filter.OncePerRequestFilter.doFilter(OncePerRequestFilter.java:116)\n\tat org.apache.catalina.core.ApplicationFilterChain.internalDoFilter(ApplicationFilterChain.java:164)\n\tat org.apache.catalina.core.ApplicationFilterChain.doFilter(ApplicationFilterChain.java:140)\n\tat org.springframework.web.filter.CharacterEncodingFilter.doFilterInternal(CharacterEncodingFilter.java:201)\n\tat org.springframework.web.filter.OncePerRequestFilter.doFilter(OncePerRequestFilter.java:116)\n\tat org.apache.catalina.core.ApplicationFilterChain.internalDoFilter(ApplicationFilterChain.java:164)\n\tat org.apache.catalina.core.ApplicationFilterChain.doFilter(ApplicationFilterChain.java:140)\n\tat org.apache.catalina.core.StandardWrapperValve.invoke(StandardWrapperValve.java:167)\n\tat org.apache.catalina.core.StandardContextValve.invoke(StandardContextValve.java:90)\n\tat org.apache.catalina.authenticator.AuthenticatorBase.invoke(AuthenticatorBase.java:483)\n\tat org.apache.catalina.core.StandardHostValve.invoke(StandardHostValve.java:116)\n\tat org.apache.catalina.valves.ErrorReportValve.invoke(ErrorReportValve.java:93)\n\tat org.apache.catalina.core.StandardEngineValve.invoke(StandardEngineValve.java:74)\n\tat org.apache.catalina.connector.CoyoteAdapter.service(CoyoteAdapter.java:344)\n\tat org.apache.coyote.http11.Http11Processor.service(Http11Processor.java:398)\n\tat org.apache.coyote.AbstractProcessorLight.process(AbstractProcessorLight.java:63)\n\tat org.apache.coyote.AbstractProtocol$ConnectionHandler.process(AbstractProtocol.java:903)\n\tat org.apache.tomcat.util.net.NioEndpoint$SocketProcessor.doRun(NioEndpoint.java:1769)\n\tat org.apache.tomcat.util.net.SocketProcessorBase.run(SocketProcessorBase.java:52)\n\tat org.apache.tomcat.util.threads.ThreadPoolExecutor.runWorker(ThreadPoolExecutor.java:1189)\n\tat org.apache.tomcat.util.threads.ThreadPoolExecutor$Worker.run(ThreadPoolExecutor.java:658)\n\tat org.apache.tomcat.util.threads.TaskThread$WrappingRunnable.run(TaskThread.java:63)\n\tat java.base/java.lang.Thread.run(Thread.java:1583)\n"}
{"timestamp":"2026-08-17T22:15:50.368206+05:30","level":"ERROR","logger":"com.commercex.common.exception.GlobalExceptionHandler","thread":"http-nio-8082-exec-4","correlationId":"49a0b2c7-8b18-466f-b535-39065ec49696","trace_id":"279082edd7ca351a430e254b747c597a","trace_flags":"03","span_id":"4c5ded3cb7319305","message":"Unhandled Exception","stack_trace":"org.springframework.web.servlet.resource.NoResourceFoundException: No static resource actuator/prometheus.\n\tat org.springframework.web.servlet.resource.ResourceHttpRequestHandler.handleRequest(ResourceHttpRequestHandler.java:585)\n\tat org.springframework.web.servlet.mvc.HttpRequestHandlerAdapter.handle(HttpRequestHandlerAdapter.java:52)\n\tat org.springframework.web.servlet.DispatcherServlet.doDispatch(DispatcherServlet.java:1089)\n\tat org.springframework.web.servlet.DispatcherServlet.doService(DispatcherServlet.java:979)\n\tat org.springframework.web.servlet.FrameworkServlet.processRequest(FrameworkServlet.java:1014)\n\tat org.springframework.web.servlet.FrameworkServlet.doGet(FrameworkServlet.java:903)\n\tat jakarta.servlet.http.HttpServlet.service(HttpServlet.java:564)\n\tat org.springframework.web.servlet.FrameworkServlet.service(FrameworkServlet.java:885)\n\tat jakarta.servlet.http.HttpServlet.service(HttpServlet.java:658)\n\tat org.apache.catalina.core.ApplicationFilterChain.internalDoFilter(ApplicationFilterChain.java:195)\n\tat org.apache.catalina.core.ApplicationFilterChain.doFilter(ApplicationFilterChain.java:140)\n\tat org.apache.tomcat.websocket.server.WsFilter.doFilter(WsFilter.java:51)\n\tat org.apache.catalina.core.ApplicationFilterChain.internalDoFilter(ApplicationFilterChain.java:164)\n\tat org.apache.catalina.core.ApplicationFilterChain.doFilter(ApplicationFilterChain.java:140)\n\tat com.commercex.common.logging.CorrelationIdFilter.doFilterInternal(CorrelationIdFilter.java:44)\n\tat org.springframework.web.filter.OncePerRequestFilter.doFilter(OncePerRequestFilter.java:116)\n\tat org.apache.catalina.core.ApplicationFilterChain.internalDoFilter(ApplicationFilterChain.java:164)\n\tat org.apache.catalina.core.ApplicationFilterChain.doFilter(ApplicationFilterChain.java:140)\n\tat org.springframework.web.filter.RequestContextFilter.doFilterInternal(RequestContextFilter.java:100)\n\tat org.springframework.web.filter.OncePerRequestFilter.doFilter(OncePerRequestFilter.java:116)\n\tat org.apache.catalina.core.ApplicationFilterChain.internalDoFilter(ApplicationFilterChain.java:164)\n\tat org.apache.catalina.core.ApplicationFilterChain.doFilter(ApplicationFilterChain.java:140)\n\tat org.springframework.web.filter.FormContentFilter.doFilterInternal(FormContentFilter.java:93)\n\tat org.springframework.web.filter.OncePerRequestFilter.doFilter(OncePerRequestFilter.java:116)\n\tat org.apache.catalina.core.ApplicationFilterChain.internalDoFilter(ApplicationFilterChain.java:164)\n\tat org.apache.catalina.core.ApplicationFilterChain.doFilter(ApplicationFilterChain.java:140)\n\tat org.springframework.web.servlet.v6_0.OpenTelemetryHandlerMappingFilter.doFilter(OpenTelemetryHandlerMappingFilter.java:78)\n\tat org.apache.catalina.core.ApplicationFilterChain.internalDoFilter(ApplicationFilterChain.java:164)\n\tat org.apache.catalina.core.ApplicationFilterChain.doFilter(ApplicationFilterChain.java:140)\n\tat org.springframework.web.filter.ServerHttpObservationFilter.doFilterInternal(ServerHttpObservationFilter.java:114)\n\tat org.springframework.web.filter.OncePerRequestFilter.doFilter(OncePerRequestFilter.java:116)\n\tat org.apache.catalina.core.ApplicationFilterChain.internalDoFilter(ApplicationFilterChain.java:164)\n\tat org.apache.catalina.core.ApplicationFilterChain.doFilter(ApplicationFilterChain.java:140)\n\tat org.springframework.web.filter.CharacterEncodingFilter.doFilterInternal(CharacterEncodingFilter.java:201)\n\tat org.springframework.web.filter.OncePerRequestFilter.doFilter(OncePerRequestFilter.java:116)\n\tat org.apache.catalina.core.ApplicationFilterChain.internalDoFilter(ApplicationFilterChain.java:164)\n\tat org.apache.catalina.core.ApplicationFilterChain.doFilter(ApplicationFilterChain.java:140)\n\tat org.apache.catalina.core.StandardWrapperValve.invoke(StandardWrapperValve.java:167)\n\tat org.apache.catalina.core.StandardContextValve.invoke(StandardContextValve.java:90)\n\tat org.apache.catalina.authenticator.AuthenticatorBase.invoke(AuthenticatorBase.java:483)\n\tat org.apache.catalina.core.StandardHostValve.invoke(StandardHostValve.java:116)\n\tat org.apache.catalina.valves.ErrorReportValve.invoke(ErrorReportValve.java:93)\n\tat org.apache.catalina.core.StandardEngineValve.invoke(StandardEngineValve.java:74)\n\tat org.apache.catalina.connector.CoyoteAdapter.service(CoyoteAdapter.java:344)\n\tat org.apache.coyote.http11.Http11Processor.service(Http11Processor.java:398)\n\tat org.apache.coyote.AbstractProcessorLight.process(AbstractProcessorLight.java:63)\n\tat org.apache.coyote.AbstractProtocol$ConnectionHandler.process(AbstractProtocol.java:903)\n\tat org.apache.tomcat.util.net.NioEndpoint$SocketProcessor.doRun(NioEndpoint.java:1769)\n\tat org.apache.tomcat.util.net.SocketProcessorBase.run(SocketProcessorBase.java:52)\n\tat org.apache.tomcat.util.threads.ThreadPoolExecutor.runWorker(ThreadPoolExecutor.java:1189)\n\tat org.apache.tomcat.util.threads.ThreadPoolExecutor$Worker.run(ThreadPoolExecutor.java:658)\n\tat org.apache.tomcat.util.threads.TaskThread$WrappingRunnable.run(TaskThread.java:63)\n\tat java.base/java.lang.Thread.run(Thread.java:1583)\n"}
{"timestamp":"2026-08-17T22:16:00.37195+05:30","level":"ERROR","logger":"com.commercex.common.exception.GlobalExceptionHandler","thread":"http-nio-8082-exec-5","correlationId":"2c77c162-34c1-463a-b566-f93d99812de4","trace_id":"d08d74ac38504b49fb1b1fc3390c4a06","trace_flags":"03","span_id":"b95b4443960f9695","message":"Unhandled Exception","stack_trace":"org.springframework.web.servlet.resource.NoResourceFoundException: No static resource actuator/prometheus.\n\tat org.springframework.web.servlet.resource.ResourceHttpRequestHandler.handleRequest(ResourceHttpRequestHandler.java:585)\n\tat org.springframework.web.servlet.mvc.HttpRequestHandlerAdapter.handle(HttpRequestHandlerAdapter.java:52)\n\tat org.springframework.web.servlet.DispatcherServlet.doDispatch(DispatcherServlet.java:1089)\n\tat org.springframework.web.servlet.DispatcherServlet.doService(DispatcherServlet.java:979)\n\tat org.springframework.web.servlet.FrameworkServlet.processRequest(FrameworkServlet.java:1014)\n\tat org.springframework.web.servlet.FrameworkServlet.doGet(FrameworkServlet.java:903)\n\tat jakarta.servlet.http.HttpServlet.service(HttpServlet.java:564)\n\tat org.springframework.web.servlet.FrameworkServlet.service(FrameworkServlet.java:885)\n\tat jakarta.servlet.http.HttpServlet.service(HttpServlet.java:658)\n\tat org.apache.catalina.core.ApplicationFilterChain.internalDoFilter(ApplicationFilterChain.java:195)\n\tat org.apache.catalina.core.ApplicationFilterChain.doFilter(ApplicationFilterChain.java:140)\n\tat org.apache.tomcat.websocket.server.WsFilter.doFilter(WsFilter.java:51)\n\tat org.apache.catalina.core.ApplicationFilterChain.internalDoFilter(ApplicationFilterChain.java:164)\n\tat org.apache.catalina.core.ApplicationFilterChain.doFilter(ApplicationFilterChain.java:140)\n\tat com.commercex.common.logging.CorrelationIdFilter.doFilterInternal(CorrelationIdFilter.java:44)\n\tat org.springframework.web.filter.OncePerRequestFilter.doFilter(OncePerRequestFilter.java:116)\n\tat org.apache.catalina.core.ApplicationFilterChain.internalDoFilter(ApplicationFilterChain.java:164)\n\tat org.apache.catalina.core.ApplicationFilterChain.doFilter(ApplicationFilterChain.java:140)\n\tat org.springframework.web.filter.RequestContextFilter.doFilterInternal(RequestContextFilter.java:100)\n\tat org.springframework.web.filter.OncePerRequestFilter.doFilter(OncePerRequestFilter.java:116)\n\tat org.apache.catalina.core.ApplicationFilterChain.internalDoFilter(ApplicationFilterChain.java:164)\n\tat org.apache.catalina.core.ApplicationFilterChain.doFilter(ApplicationFilterChain.java:140)\n\tat org.springframework.web.filter.FormContentFilter.doFilterInternal(FormContentFilter.java:93)\n\tat org.springframework.web.filter.OncePerRequestFilter.doFilter(OncePerRequestFilter.java:116)\n\tat org.apache.catalina.core.ApplicationFilterChain.internalDoFilter(ApplicationFilterChain.java:164)\n\tat org.apache.catalina.core.ApplicationFilterChain.doFilter(ApplicationFilterChain.java:140)\n\tat org.springframework.web.servlet.v6_0.OpenTelemetryHandlerMappingFilter.doFilter(OpenTelemetryHandlerMappingFilter.java:78)\n\tat org.apache.catalina.core.ApplicationFilterChain.internalDoFilter(ApplicationFilterChain.java:164)\n\tat org.apache.catalina.core.ApplicationFilterChain.doFilter(ApplicationFilterChain.java:140)\n\tat org.springframework.web.filter.ServerHttpObservationFilter.doFilterInternal(ServerHttpObservationFilter.java:114)\n\tat org.springframework.web.filter.OncePerRequestFilter.doFilter(OncePerRequestFilter.java:116)\n\tat org.apache.catalina.core.ApplicationFilterChain.internalDoFilter(ApplicationFilterChain.java:164)\n\tat org.apache.catalina.core.ApplicationFilterChain.doFilter(ApplicationFilterChain.java:140)\n\tat org.springframework.web.filter.CharacterEncodingFilter.doFilterInternal(CharacterEncodingFilter.java:201)\n\tat org.springframework.web.filter.OncePerRequestFilter.doFilter(OncePerRequestFilter.java:116)\n\tat org.apache.catalina.core.ApplicationFilterChain.internalDoFilter(ApplicationFilterChain.java:164)\n\tat org.apache.catalina.core.ApplicationFilterChain.doFilter(ApplicationFilterChain.java:140)\n\tat org.apache.catalina.core.StandardWrapperValve.invoke(StandardWrapperValve.java:167)\n\tat org.apache.catalina.core.StandardContextValve.invoke(StandardContextValve.java:90)\n\tat org.apache.catalina.authenticator.AuthenticatorBase.invoke(AuthenticatorBase.java:483)\n\tat org.apache.catalina.core.StandardHostValve.invoke(StandardHostValve.java:116)\n\tat org.apache.catalina.valves.ErrorReportValve.invoke(ErrorReportValve.java:93)\n\tat org.apache.catalina.core.StandardEngineValve.invoke(StandardEngineValve.java:74)\n\tat org.apache.catalina.connector.CoyoteAdapter.service(CoyoteAdapter.java:344)\n\tat org.apache.coyote.http11.Http11Processor.service(Http11Processor.java:398)\n\tat org.apache.coyote.AbstractProcessorLight.process(AbstractProcessorLight.java:63)\n\tat org.apache.coyote.AbstractProtocol$ConnectionHandler.process(AbstractProtocol.java:903)\n\tat org.apache.tomcat.util.net.NioEndpoint$SocketProcessor.doRun(NioEndpoint.java:1769)\n\tat org.apache.tomcat.util.net.SocketProcessorBase.run(SocketProcessorBase.java:52)\n\tat org.apache.tomcat.util.threads.ThreadPoolExecutor.runWorker(ThreadPoolExecutor.java:1189)\n\tat org.apache.tomcat.util.threads.ThreadPoolExecutor$Worker.run(ThreadPoolExecutor.java:658)\n\tat org.apache.tomcat.util.threads.TaskThread$WrappingRunnable.run(TaskThread.java:63)\n\tat java.base/java.lang.Thread.run(Thread.java:1583)\n"}
{"timestamp":"2026-08-17T22:16:08.312095+05:30","level":"INFO","logger":"com.netflix.discovery.shared.resolver.aws.ConfigClusterResolver","thread":"AsyncResolver-bootstrap-executor-%d","message":"Resolving eureka endpoints via configuration"}
{"timestamp":"2026-08-17T22:16:10.336709+05:30","level":"ERROR","logger":"com.commercex.common.exception.GlobalExceptionHandler","thread":"http-nio-8082-exec-6","correlationId":"eb912ab6-2302-4061-a545-ad00a7cbb510","trace_id":"3b0ce3408f7564a0e8e22d2d6a732b2e","trace_flags":"03","span_id":"67a0697e4f09467f","message":"Unhandled Exception","stack_trace":"org.springframework.web.servlet.resource.NoResourceFoundException: No static resource actuator/prometheus.\n\tat org.springframework.web.servlet.resource.ResourceHttpRequestHandler.handleRequest(ResourceHttpRequestHandler.java:585)\n\tat org.springframework.web.servlet.mvc.HttpRequestHandlerAdapter.handle(HttpRequestHandlerAdapter.java:52)\n\tat org.springframework.web.servlet.DispatcherServlet.doDispatch(DispatcherServlet.java:1089)\n\tat org.springframework.web.servlet.DispatcherServlet.doService(DispatcherServlet.java:979)\n\tat org.springframework.web.servlet.FrameworkServlet.processRequest(FrameworkServlet.java:1014)\n\tat org.springframework.web.servlet.FrameworkServlet.doGet(FrameworkServlet.java:903)\n\tat jakarta.servlet.http.HttpServlet.service(HttpServlet.java:564)\n\tat org.springframework.web.servlet.FrameworkServlet.service(FrameworkServlet.java:885)\n\tat jakarta.servlet.http.HttpServlet.service(HttpServlet.java:658)\n\tat org.apache.catalina.core.ApplicationFilterChain.internalDoFilter(ApplicationFilterChain.java:195)\n\tat org.apache.catalina.core.ApplicationFilterChain.doFilter(ApplicationFilterChain.java:140)\n\tat org.apache.tomcat.websocket.server.WsFilter.doFilter(WsFilter.java:51)\n\tat org.apache.catalina.core.ApplicationFilterChain.internalDoFilter(ApplicationFilterChain.java:164)\n\tat org.apache.catalina.core.ApplicationFilterChain.doFilter(ApplicationFilterChain.java:140)\n\tat com.commercex.common.logging.CorrelationIdFilter.doFilterInternal(CorrelationIdFilter.java:44)\n\tat org.springframework.web.filter.OncePerRequestFilter.doFilter(OncePerRequestFilter.java:116)\n\tat org.apache.catalina.core.ApplicationFilterChain.internalDoFilter(ApplicationFilterChain.java:164)\n\tat org.apache.catalina.core.ApplicationFilterChain.doFilter(ApplicationFilterChain.java:140)\n\tat org.springframework.web.filter.RequestContextFilter.doFilterInternal(RequestContextFilter.java:100)\n\tat org.springframework.web.filter.OncePerRequestFilter.doFilter(OncePerRequestFilter.java:116)\n\tat org.apache.catalina.core.ApplicationFilterChain.internalDoFilter(ApplicationFilterChain.java:164)\n\tat org.apache.catalina.core.ApplicationFilterChain.doFilter(ApplicationFilterChain.java:140)\n\tat org.springframework.web.filter.FormContentFilter.doFilterInternal(FormContentFilter.java:93)\n\tat org.springframework.web.filter.OncePerRequestFilter.doFilter(OncePerRequestFilter.java:116)\n\tat org.apache.catalina.core.ApplicationFilterChain.internalDoFilter(ApplicationFilterChain.java:164)\n\tat org.apache.catalina.core.ApplicationFilterChain.doFilter(ApplicationFilterChain.java:140)\n\tat org.springframework.web.servlet.v6_0.OpenTelemetryHandlerMappingFilter.doFilter(OpenTelemetryHandlerMappingFilter.java:78)\n\tat org.apache.catalina.core.ApplicationFilterChain.internalDoFilter(ApplicationFilterChain.java:164)\n\tat org.apache.catalina.core.ApplicationFilterChain.doFilter(ApplicationFilterChain.java:140)\n\tat org.springframework.web.filter.ServerHttpObservationFilter.doFilterInternal(ServerHttpObservationFilter.java:114)\n\tat org.springframework.web.filter.OncePerRequestFilter.doFilter(OncePerRequestFilter.java:116)\n\tat org.apache.catalina.core.ApplicationFilterChain.internalDoFilter(ApplicationFilterChain.java:164)\n\tat org.apache.catalina.core.ApplicationFilterChain.doFilter(ApplicationFilterChain.java:140)\n\tat org.springframework.web.filter.CharacterEncodingFilter.doFilterInternal(CharacterEncodingFilter.java:201)\n\tat org.springframework.web.filter.OncePerRequestFilter.doFilter(OncePerRequestFilter.java:116)\n\tat org.apache.catalina.core.ApplicationFilterChain.internalDoFilter(ApplicationFilterChain.java:164)\n\tat org.apache.catalina.core.ApplicationFilterChain.doFilter(ApplicationFilterChain.java:140)\n\tat org.apache.catalina.core.StandardWrapperValve.invoke(StandardWrapperValve.java:167)\n\tat org.apache.catalina.core.StandardContextValve.invoke(StandardContextValve.java:90)\n\tat org.apache.catalina.authenticator.AuthenticatorBase.invoke(AuthenticatorBase.java:483)\n\tat org.apache.catalina.core.StandardHostValve.invoke(StandardHostValve.java:116)\n\tat org.apache.catalina.valves.ErrorReportValve.invoke(ErrorReportValve.java:93)\n\tat org.apache.catalina.core.StandardEngineValve.invoke(StandardEngineValve.java:74)\n\tat org.apache.catalina.connector.CoyoteAdapter.service(CoyoteAdapter.java:344)\n\tat org.apache.coyote.http11.Http11Processor.service(Http11Processor.java:398)\n\tat org.apache.coyote.AbstractProcessorLight.process(AbstractProcessorLight.java:63)\n\tat org.apache.coyote.AbstractProtocol$ConnectionHandler.process(AbstractProtocol.java:903)\n\tat org.apache.tomcat.util.net.NioEndpoint$SocketProcessor.doRun(NioEndpoint.java:1769)\n\tat org.apache.tomcat.util.net.SocketProcessorBase.run(SocketProcessorBase.java:52)\n\tat org.apache.tomcat.util.threads.ThreadPoolExecutor.runWorker(ThreadPoolExecutor.java:1189)\n\tat org.apache.tomcat.util.threads.ThreadPoolExecutor$Worker.run(ThreadPoolExecutor.java:658)\n\tat org.apache.tomcat.util.threads.TaskThread$WrappingRunnable.run(TaskThread.java:63)\n\tat java.base/java.lang.Thread.run(Thread.java:1583)\n"}
{"timestamp":"2026-08-17T22:16:20.340975+05:30","level":"ERROR","logger":"com.commercex.common.exception.GlobalExceptionHandler","thread":"http-nio-8082-exec-7","correlationId":"c55a85fb-f10f-41af-9c9f-ef2d0a7bb722","trace_id":"68ecad09b9f080b04fc64c8900f97009","trace_flags":"03","span_id":"b6aa4c1d257dfe0b","message":"Unhandled Exception","stack_trace":"org.springframework.web.servlet.resource.NoResourceFoundException: No static resource actuator/prometheus.\n\tat org.springframework.web.servlet.resource.ResourceHttpRequestHandler.handleRequest(ResourceHttpRequestHandler.java:585)\n\tat org.springframework.web.servlet.mvc.HttpRequestHandlerAdapter.handle(HttpRequestHandlerAdapter.java:52)\n\tat org.springframework.web.servlet.DispatcherServlet.doDispatch(DispatcherServlet.java:1089)\n\tat org.springframework.web.servlet.DispatcherServlet.doService(DispatcherServlet.java:979)\n\tat org.springframework.web.servlet.FrameworkServlet.processRequest(FrameworkServlet.java:1014)\n\tat org.springframework.web.servlet.FrameworkServlet.doGet(FrameworkServlet.java:903)\n\tat jakarta.servlet.http.HttpServlet.service(HttpServlet.java:564)\n\tat org.springframework.web.servlet.FrameworkServlet.service(FrameworkServlet.java:885)\n\tat jakarta.servlet.http.HttpServlet.service(HttpServlet.java:658)\n\tat org.apache.catalina.core.ApplicationFilterChain.internalDoFilter(ApplicationFilterChain.java:195)\n\tat org.apache.catalina.core.ApplicationFilterChain.doFilter(ApplicationFilterChain.java:140)\n\tat org.apache.tomcat.websocket.server.WsFilter.doFilter(WsFilter.java:51)\n\tat org.apache.catalina.core.ApplicationFilterChain.internalDoFilter(ApplicationFilterChain.java:164)\n\tat org.apache.catalina.core.ApplicationFilterChain.doFilter(ApplicationFilterChain.java:140)\n\tat com.commercex.common.logging.CorrelationIdFilter.doFilterInternal(CorrelationIdFilter.java:44)\n\tat org.springframework.web.filter.OncePerRequestFilter.doFilter(OncePerRequestFilter.java:116)\n\tat org.apache.catalina.core.ApplicationFilterChain.internalDoFilter(ApplicationFilterChain.java:164)\n\tat org.apache.catalina.core.ApplicationFilterChain.doFilter(ApplicationFilterChain.java:140)\n\tat org.springframework.web.filter.RequestContextFilter.doFilterInternal(RequestContextFilter.java:100)\n\tat org.springframework.web.filter.OncePerRequestFilter.doFilter(OncePerRequestFilter.java:116)\n\tat org.apache.catalina.core.ApplicationFilterChain.internalDoFilter(ApplicationFilterChain.java:164)\n\tat org.apache.catalina.core.ApplicationFilterChain.doFilter(ApplicationFilterChain.java:140)\n\tat org.springframework.web.filter.FormContentFilter.doFilterInternal(FormContentFilter.java:93)\n\tat org.springframework.web.filter.OncePerRequestFilter.doFilter(OncePerRequestFilter.java:116)\n\tat org.apache.catalina.core.ApplicationFilterChain.internalDoFilter(ApplicationFilterChain.java:164)\n\tat org.apache.catalina.core.ApplicationFilterChain.doFilter(ApplicationFilterChain.java:140)\n\tat org.springframework.web.servlet.v6_0.OpenTelemetryHandlerMappingFilter.doFilter(OpenTelemetryHandlerMappingFilter.java:78)\n\tat org.apache.catalina.core.ApplicationFilterChain.internalDoFilter(ApplicationFilterChain.java:164)\n\tat org.apache.catalina.core.ApplicationFilterChain.doFilter(ApplicationFilterChain.java:140)\n\tat org.springframework.web.filter.ServerHttpObservationFilter.doFilterInternal(ServerHttpObservationFilter.java:114)\n\tat org.springframework.web.filter.OncePerRequestFilter.doFilter(OncePerRequestFilter.java:116)\n\tat org.apache.catalina.core.ApplicationFilterChain.internalDoFilter(ApplicationFilterChain.java:164)\n\tat org.apache.catalina.core.ApplicationFilterChain.doFilter(ApplicationFilterChain.java:140)\n\tat org.springframework.web.filter.CharacterEncodingFilter.doFilterInternal(CharacterEncodingFilter.java:201)\n\tat org.springframework.web.filter.OncePerRequestFilter.doFilter(OncePerRequestFilter.java:116)\n\tat org.apache.catalina.core.ApplicationFilterChain.internalDoFilter(ApplicationFilterChain.java:164)\n\tat org.apache.catalina.core.ApplicationFilterChain.doFilter(ApplicationFilterChain.java:140)\n\tat org.apache.catalina.core.StandardWrapperValve.invoke(StandardWrapperValve.java:167)\n\tat org.apache.catalina.core.StandardContextValve.invoke(StandardContextValve.java:90)\n\tat org.apache.catalina.authenticator.AuthenticatorBase.invoke(AuthenticatorBase.java:483)\n\tat org.apache.catalina.core.StandardHostValve.invoke(StandardHostValve.java:116)\n\tat org.apache.catalina.valves.ErrorReportValve.invoke(ErrorReportValve.java:93)\n\tat org.apache.catalina.core.StandardEngineValve.invoke(StandardEngineValve.java:74)\n\tat org.apache.catalina.connector.CoyoteAdapter.service(CoyoteAdapter.java:344)\n\tat org.apache.coyote.http11.Http11Processor.service(Http11Processor.java:398)\n\tat org.apache.coyote.AbstractProcessorLight.process(AbstractProcessorLight.java:63)\n\tat org.apache.coyote.AbstractProtocol$ConnectionHandler.process(AbstractProtocol.java:903)\n\tat org.apache.tomcat.util.net.NioEndpoint$SocketProcessor.doRun(NioEndpoint.java:1769)\n\tat org.apache.tomcat.util.net.SocketProcessorBase.run(SocketProcessorBase.java:52)\n\tat org.apache.tomcat.util.threads.ThreadPoolExecutor.runWorker(ThreadPoolExecutor.java:1189)\n\tat org.apache.tomcat.util.threads.ThreadPoolExecutor$Worker.run(ThreadPoolExecutor.java:658)\n\tat org.apache.tomcat.util.threads.TaskThread$WrappingRunnable.run(TaskThread.java:63)\n\tat java.base/java.lang.Thread.run(Thread.java:1583)\n"}
{"timestamp":"2026-08-17T22:16:30.371456+05:30","level":"ERROR","logger":"com.commercex.common.exception.GlobalExceptionHandler","thread":"http-nio-8082-exec-8","correlationId":"bf726ffd-bb22-4271-b79c-6a851c44d253","trace_id":"ae1fd5e86df546e2d4e4c2d51d265349","trace_flags":"03","span_id":"fc09fb3804a08d2d","message":"Unhandled Exception","stack_trace":"org.springframework.web.servlet.resource.NoResourceFoundException: No static resource actuator/prometheus.\n\tat org.springframework.web.servlet.resource.ResourceHttpRequestHandler.handleRequest(ResourceHttpRequestHandler.java:585)\n\tat org.springframework.web.servlet.mvc.HttpRequestHandlerAdapter.handle(HttpRequestHandlerAdapter.java:52)\n\tat org.springframework.web.servlet.DispatcherServlet.doDispatch(DispatcherServlet.java:1089)\n\tat org.springframework.web.servlet.DispatcherServlet.doService(DispatcherServlet.java:979)\n\tat org.springframework.web.servlet.FrameworkServlet.processRequest(FrameworkServlet.java:1014)\n\tat org.springframework.web.servlet.FrameworkServlet.doGet(FrameworkServlet.java:903)\n\tat jakarta.servlet.http.HttpServlet.service(HttpServlet.java:564)\n\tat org.springframework.web.servlet.FrameworkServlet.service(FrameworkServlet.java:885)\n\tat jakarta.servlet.http.HttpServlet.service(HttpServlet.java:658)\n\tat org.apache.catalina.core.ApplicationFilterChain.internalDoFilter(ApplicationFilterChain.java:195)\n\tat org.apache.catalina.core.ApplicationFilterChain.doFilter(ApplicationFilterChain.java:140)\n\tat org.apache.tomcat.websocket.server.WsFilter.doFilter(WsFilter.java:51)\n\tat org.apache.catalina.core.ApplicationFilterChain.internalDoFilter(ApplicationFilterChain.java:164)\n\tat org.apache.catalina.core.ApplicationFilterChain.doFilter(ApplicationFilterChain.java:140)\n\tat com.commercex.common.logging.CorrelationIdFilter.doFilterInternal(CorrelationIdFilter.java:44)\n\tat org.springframework.web.filter.OncePerRequestFilter.doFilter(OncePerRequestFilter.java:116)\n\tat org.apache.catalina.core.ApplicationFilterChain.internalDoFilter(ApplicationFilterChain.java:164)\n\tat org.apache.catalina.core.ApplicationFilterChain.doFilter(ApplicationFilterChain.java:140)\n\tat org.springframework.web.filter.RequestContextFilter.doFilterInternal(RequestContextFilter.java:100)\n\tat org.springframework.web.filter.OncePerRequestFilter.doFilter(OncePerRequestFilter.java:116)\n\tat org.apache.catalina.core.ApplicationFilterChain.internalDoFilter(ApplicationFilterChain.java:164)\n\tat org.apache.catalina.core.ApplicationFilterChain.doFilter(ApplicationFilterChain.java:140)\n\tat org.springframework.web.filter.FormContentFilter.doFilterInternal(FormContentFilter.java:93)\n\tat org.springframework.web.filter.OncePerRequestFilter.doFilter(OncePerRequestFilter.java:116)\n\tat org.apache.catalina.core.ApplicationFilterChain.internalDoFilter(ApplicationFilterChain.java:164)\n\tat org.apache.catalina.core.ApplicationFilterChain.doFilter(ApplicationFilterChain.java:140)\n\tat org.springframework.web.servlet.v6_0.OpenTelemetryHandlerMappingFilter.doFilter(OpenTelemetryHandlerMappingFilter.java:78)\n\tat org.apache.catalina.core.ApplicationFilterChain.internalDoFilter(ApplicationFilterChain.java:164)\n\tat org.apache.catalina.core.ApplicationFilterChain.doFilter(ApplicationFilterChain.java:140)\n\tat org.springframework.web.filter.ServerHttpObservationFilter.doFilterInternal(ServerHttpObservationFilter.java:114)\n\tat org.springframework.web.filter.OncePerRequestFilter.doFilter(OncePerRequestFilter.java:116)\n\tat org.apache.catalina.core.ApplicationFilterChain.internalDoFilter(ApplicationFilterChain.java:164)\n\tat org.apache.catalina.core.ApplicationFilterChain.doFilter(ApplicationFilterChain.java:140)\n\tat org.springframework.web.filter.CharacterEncodingFilter.doFilterInternal(CharacterEncodingFilter.java:201)\n\tat org.springframework.web.filter.OncePerRequestFilter.doFilter(OncePerRequestFilter.java:116)\n\tat org.apache.catalina.core.ApplicationFilterChain.internalDoFilter(ApplicationFilterChain.java:164)\n\tat org.apache.catalina.core.ApplicationFilterChain.doFilter(ApplicationFilterChain.java:140)\n\tat org.apache.catalina.core.StandardWrapperValve.invoke(StandardWrapperValve.java:167)\n\tat org.apache.catalina.core.StandardContextValve.invoke(StandardContextValve.java:90)\n\tat org.apache.catalina.authenticator.AuthenticatorBase.invoke(AuthenticatorBase.java:483)\n\tat org.apache.catalina.core.StandardHostValve.invoke(StandardHostValve.java:116)\n\tat org.apache.catalina.valves.ErrorReportValve.invoke(ErrorReportValve.java:93)\n\tat org.apache.catalina.core.StandardEngineValve.invoke(StandardEngineValve.java:74)\n\tat org.apache.catalina.connector.CoyoteAdapter.service(CoyoteAdapter.java:344)\n\tat org.apache.coyote.http11.Http11Processor.service(Http11Processor.java:398)\n\tat org.apache.coyote.AbstractProcessorLight.process(AbstractProcessorLight.java:63)\n\tat org.apache.coyote.AbstractProtocol$ConnectionHandler.process(AbstractProtocol.java:903)\n\tat org.apache.tomcat.util.net.NioEndpoint$SocketProcessor.doRun(NioEndpoint.java:1769)\n\tat org.apache.tomcat.util.net.SocketProcessorBase.run(SocketProcessorBase.java:52)\n\tat org.apache.tomcat.util.threads.ThreadPoolExecutor.runWorker(ThreadPoolExecutor.java:1189)\n\tat org.apache.tomcat.util.threads.ThreadPoolExecutor$Worker.run(ThreadPoolExecutor.java:658)\n\tat org.apache.tomcat.util.threads.TaskThread$WrappingRunnable.run(TaskThread.java:63)\n\tat java.base/java.lang.Thread.run(Thread.java:1583)\n"}
{"timestamp":"2026-08-17T22:16:40.345206+05:30","level":"ERROR","logger":"com.commercex.common.exception.GlobalExceptionHandler","thread":"http-nio-8082-exec-9","correlationId":"b06fa1d1-2c8b-4d43-b7e8-facde376fe36","trace_id":"d66b3cb5450081281f69458284ea792e","trace_flags":"03","span_id":"41c511b9f7133bfe","message":"Unhandled Exception","stack_trace":"org.springframework.web.servlet.resource.NoResourceFoundException: No static resource actuator/prometheus.\n\tat org.springframework.web.servlet.resource.ResourceHttpRequestHandler.handleRequest(ResourceHttpRequestHandler.java:585)\n\tat org.springframework.web.servlet.mvc.HttpRequestHandlerAdapter.handle(HttpRequestHandlerAdapter.java:52)\n\tat org.springframework.web.servlet.DispatcherServlet.doDispatch(DispatcherServlet.java:1089)\n\tat org.springframework.web.servlet.DispatcherServlet.doService(DispatcherServlet.java:979)\n\tat org.springframework.web.servlet.FrameworkServlet.processRequest(FrameworkServlet.java:1014)\n\tat org.springframework.web.servlet.FrameworkServlet.doGet(FrameworkServlet.java:903)\n\tat jakarta.servlet.http.HttpServlet.service(HttpServlet.java:564)\n\tat org.springframework.web.servlet.FrameworkServlet.service(FrameworkServlet.java:885)\n\tat jakarta.servlet.http.HttpServlet.service(HttpServlet.java:658)\n\tat org.apache.catalina.core.ApplicationFilterChain.internalDoFilter(ApplicationFilterChain.java:195)\n\tat org.apache.catalina.core.ApplicationFilterChain.doFilter(ApplicationFilterChain.java:140)\n\tat org.apache.tomcat.websocket.server.WsFilter.doFilter(WsFilter.java:51)\n\tat org.apache.catalina.core.ApplicationFilterChain.internalDoFilter(ApplicationFilterChain.java:164)\n\tat org.apache.catalina.core.ApplicationFilterChain.doFilter(ApplicationFilterChain.java:140)\n\tat com.commercex.common.logging.CorrelationIdFilter.doFilterInternal(CorrelationIdFilter.java:44)\n\tat org.springframework.web.filter.OncePerRequestFilter.doFilter(OncePerRequestFilter.java:116)\n\tat org.apache.catalina.core.ApplicationFilterChain.internalDoFilter(ApplicationFilterChain.java:164)\n\tat org.apache.catalina.core.ApplicationFilterChain.doFilter(ApplicationFilterChain.java:140)\n\tat org.springframework.web.filter.RequestContextFilter.doFilterInternal(RequestContextFilter.java:100)\n\tat org.springframework.web.filter.OncePerRequestFilter.doFilter(OncePerRequestFilter.java:116)\n\tat org.apache.catalina.core.ApplicationFilterChain.internalDoFilter(ApplicationFilterChain.java:164)\n\tat org.apache.catalina.core.ApplicationFilterChain.doFilter(ApplicationFilterChain.java:140)\n\tat org.springframework.web.filter.FormContentFilter.doFilterInternal(FormContentFilter.java:93)\n\tat org.springframework.web.filter.OncePerRequestFilter.doFilter(OncePerRequestFilter.java:116)\n\tat org.apache.catalina.core.ApplicationFilterChain.internalDoFilter(ApplicationFilterChain.java:164)\n\tat org.apache.catalina.core.ApplicationFilterChain.doFilter(ApplicationFilterChain.java:140)\n\tat org.springframework.web.servlet.v6_0.OpenTelemetryHandlerMappingFilter.doFilter(OpenTelemetryHandlerMappingFilter.java:78)\n\tat org.apache.catalina.core.ApplicationFilterChain.internalDoFilter(ApplicationFilterChain.java:164)\n\tat org.apache.catalina.core.ApplicationFilterChain.doFilter(ApplicationFilterChain.java:140)\n\tat org.springframework.web.filter.ServerHttpObservationFilter.doFilterInternal(ServerHttpObservationFilter.java:114)\n\tat org.springframework.web.filter.OncePerRequestFilter.doFilter(OncePerRequestFilter.java:116)\n\tat org.apache.catalina.core.ApplicationFilterChain.internalDoFilter(ApplicationFilterChain.java:164)\n\tat org.apache.catalina.core.ApplicationFilterChain.doFilter(ApplicationFilterChain.java:140)\n\tat org.springframework.web.filter.CharacterEncodingFilter.doFilterInternal(CharacterEncodingFilter.java:201)\n\tat org.springframework.web.filter.OncePerRequestFilter.doFilter(OncePerRequestFilter.java:116)\n\tat org.apache.catalina.core.ApplicationFilterChain.internalDoFilter(ApplicationFilterChain.java:164)\n\tat org.apache.catalina.core.ApplicationFilterChain.doFilter(ApplicationFilterChain.java:140)\n\tat org.apache.catalina.core.StandardWrapperValve.invoke(StandardWrapperValve.java:167)\n\tat org.apache.catalina.core.StandardContextValve.invoke(StandardContextValve.java:90)\n\tat org.apache.catalina.authenticator.AuthenticatorBase.invoke(AuthenticatorBase.java:483)\n\tat org.apache.catalina.core.StandardHostValve.invoke(StandardHostValve.java:116)\n\tat org.apache.catalina.valves.ErrorReportValve.invoke(ErrorReportValve.java:93)\n\tat org.apache.catalina.core.StandardEngineValve.invoke(StandardEngineValve.java:74)\n\tat org.apache.catalina.connector.CoyoteAdapter.service(CoyoteAdapter.java:344)\n\tat org.apache.coyote.http11.Http11Processor.service(Http11Processor.java:398)\n\tat org.apache.coyote.AbstractProcessorLight.process(AbstractProcessorLight.java:63)\n\tat org.apache.coyote.AbstractProtocol$ConnectionHandler.process(AbstractProtocol.java:903)\n\tat org.apache.tomcat.util.net.NioEndpoint$SocketProcessor.doRun(NioEndpoint.java:1769)\n\tat org.apache.tomcat.util.net.SocketProcessorBase.run(SocketProcessorBase.java:52)\n\tat org.apache.tomcat.util.threads.ThreadPoolExecutor.runWorker(ThreadPoolExecutor.java:1189)\n\tat org.apache.tomcat.util.threads.ThreadPoolExecutor$Worker.run(ThreadPoolExecutor.java:658)\n\tat org.apache.tomcat.util.threads.TaskThread$WrappingRunnable.run(TaskThread.java:63)\n\tat java.base/java.lang.Thread.run(Thread.java:1583)\n"}
{"timestamp":"2026-08-17T22:16:50.373069+05:30","level":"ERROR","logger":"com.commercex.common.exception.GlobalExceptionHandler","thread":"http-nio-8082-exec-10","correlationId":"e1ca40c5-8d04-429c-b42c-f7135ff18930","trace_id":"089a57ae52c4d298ba5dbf1a07459363","trace_flags":"03","span_id":"75a5b25a7340c757","message":"Unhandled Exception","stack_trace":"org.springframework.web.servlet.resource.NoResourceFoundException: No static resource actuator/prometheus.\n\tat org.springframework.web.servlet.resource.ResourceHttpRequestHandler.handleRequest(ResourceHttpRequestHandler.java:585)\n\tat org.springframework.web.servlet.mvc.HttpRequestHandlerAdapter.handle(HttpRequestHandlerAdapter.java:52)\n\tat org.springframework.web.servlet.DispatcherServlet.doDispatch(DispatcherServlet.java:1089)\n\tat org.springframework.web.servlet.DispatcherServlet.doService(DispatcherServlet.java:979)\n\tat org.springframework.web.servlet.FrameworkServlet.processRequest(FrameworkServlet.java:1014)\n\tat org.springframework.web.servlet.FrameworkServlet.doGet(FrameworkServlet.java:903)\n\tat jakarta.servlet.http.HttpServlet.service(HttpServlet.java:564)\n\tat org.springframework.web.servlet.FrameworkServlet.service(FrameworkServlet.java:885)\n\tat jakarta.servlet.http.HttpServlet.service(HttpServlet.java:658)\n\tat org.apache.catalina.core.ApplicationFilterChain.internalDoFilter(ApplicationFilterChain.java:195)\n\tat org.apache.catalina.core.ApplicationFilterChain.doFilter(ApplicationFilterChain.java:140)\n\tat org.apache.tomcat.websocket.server.WsFilter.doFilter(WsFilter.java:51)\n\tat org.apache.catalina.core.ApplicationFilterChain.internalDoFilter(ApplicationFilterChain.java:164)\n\tat org.apache.catalina.core.ApplicationFilterChain.doFilter(ApplicationFilterChain.java:140)\n\tat com.commercex.common.logging.CorrelationIdFilter.doFilterInternal(CorrelationIdFilter.java:44)\n\tat org.springframework.web.filter.OncePerRequestFilter.doFilter(OncePerRequestFilter.java:116)\n\tat org.apache.catalina.core.ApplicationFilterChain.internalDoFilter(ApplicationFilterChain.java:164)\n\tat org.apache.catalina.core.ApplicationFilterChain.doFilter(ApplicationFilterChain.java:140)\n\tat org.springframework.web.filter.RequestContextFilter.doFilterInternal(RequestContextFilter.java:100)\n\tat org.springframework.web.filter.OncePerRequestFilter.doFilter(OncePerRequestFilter.java:116)\n\tat org.apache.catalina.core.ApplicationFilterChain.internalDoFilter(ApplicationFilterChain.java:164)\n\tat org.apache.catalina.core.ApplicationFilterChain.doFilter(ApplicationFilterChain.java:140)\n\tat org.springframework.web.filter.FormContentFilter.doFilterInternal(FormContentFilter.java:93)\n\tat org.springframework.web.filter.OncePerRequestFilter.doFilter(OncePerRequestFilter.java:116)\n\tat org.apache.catalina.core.ApplicationFilterChain.internalDoFilter(ApplicationFilterChain.java:164)\n\tat org.apache.catalina.core.ApplicationFilterChain.doFilter(ApplicationFilterChain.java:140)\n\tat org.springframework.web.servlet.v6_0.OpenTelemetryHandlerMappingFilter.doFilter(OpenTelemetryHandlerMappingFilter.java:78)\n\tat org.apache.catalina.core.ApplicationFilterChain.internalDoFilter(ApplicationFilterChain.java:164)\n\tat org.apache.catalina.core.ApplicationFilterChain.doFilter(ApplicationFilterChain.java:140)\n\tat org.springframework.web.filter.ServerHttpObservationFilter.doFilterInternal(ServerHttpObservationFilter.java:114)\n\tat org.springframework.web.filter.OncePerRequestFilter.doFilter(OncePerRequestFilter.java:116)\n\tat org.apache.catalina.core.ApplicationFilterChain.internalDoFilter(ApplicationFilterChain.java:164)\n\tat org.apache.catalina.core.ApplicationFilterChain.doFilter(ApplicationFilterChain.java:140)\n\tat org.springframework.web.filter.CharacterEncodingFilter.doFilterInternal(CharacterEncodingFilter.java:201)\n\tat org.springframework.web.filter.OncePerRequestFilter.doFilter(OncePerRequestFilter.java:116)\n\tat org.apache.catalina.core.ApplicationFilterChain.internalDoFilter(ApplicationFilterChain.java:164)\n\tat org.apache.catalina.core.ApplicationFilterChain.doFilter(ApplicationFilterChain.java:140)\n\tat org.apache.catalina.core.StandardWrapperValve.invoke(StandardWrapperValve.java:167)\n\tat org.apache.catalina.core.StandardContextValve.invoke(StandardContextValve.java:90)\n\tat org.apache.catalina.authenticator.AuthenticatorBase.invoke(AuthenticatorBase.java:483)\n\tat org.apache.catalina.core.StandardHostValve.invoke(StandardHostValve.java:116)\n\tat org.apache.catalina.valves.ErrorReportValve.invoke(ErrorReportValve.java:93)\n\tat org.apache.catalina.core.StandardEngineValve.invoke(StandardEngineValve.java:74)\n\tat org.apache.catalina.connector.CoyoteAdapter.service(CoyoteAdapter.java:344)\n\tat org.apache.coyote.http11.Http11Processor.service(Http11Processor.java:398)\n\tat org.apache.coyote.AbstractProcessorLight.process(AbstractProcessorLight.java:63)\n\tat org.apache.coyote.AbstractProtocol$ConnectionHandler.process(AbstractProtocol.java:903)\n\tat org.apache.tomcat.util.net.NioEndpoint$SocketProcessor.doRun(NioEndpoint.java:1769)\n\tat org.apache.tomcat.util.net.SocketProcessorBase.run(SocketProcessorBase.java:52)\n\tat org.apache.tomcat.util.threads.ThreadPoolExecutor.runWorker(ThreadPoolExecutor.java:1189)\n\tat org.apache.tomcat.util.threads.ThreadPoolExecutor$Worker.run(ThreadPoolExecutor.java:658)\n\tat org.apache.tomcat.util.threads.TaskThread$WrappingRunnable.run(TaskThread.java:63)\n\tat java.base/java.lang.Thread.run(Thread.java:1583)\n"}
{"timestamp":"2026-08-17T22:17:00.357838+05:30","level":"ERROR","logger":"com.commercex.common.exception.GlobalExceptionHandler","thread":"http-nio-8082-exec-1","correlationId":"c2c8030c-e488-46c7-84a7-e805c4e4fb3d","trace_id":"2b83a02a2e3f9fcbad8a095e323dca57","trace_flags":"03","span_id":"171d4f2a6651d4ac","message":"Unhandled Exception","stack_trace":"org.springframework.web.servlet.resource.NoResourceFoundException: No static resource actuator/prometheus.\n\tat org.springframework.web.servlet.resource.ResourceHttpRequestHandler.handleRequest(ResourceHttpRequestHandler.java:585)\n\tat org.springframework.web.servlet.mvc.HttpRequestHandlerAdapter.handle(HttpRequestHandlerAdapter.java:52)\n\tat org.springframework.web.servlet.DispatcherServlet.doDispatch(DispatcherServlet.java:1089)\n\tat org.springframework.web.servlet.DispatcherServlet.doService(DispatcherServlet.java:979)\n\tat org.springframework.web.servlet.FrameworkServlet.processRequest(FrameworkServlet.java:1014)\n\tat org.springframework.web.servlet.FrameworkServlet.doGet(FrameworkServlet.java:903)\n\tat jakarta.servlet.http.HttpServlet.service(HttpServlet.java:564)\n\tat org.springframework.web.servlet.FrameworkServlet.service(FrameworkServlet.java:885)\n\tat jakarta.servlet.http.HttpServlet.service(HttpServlet.java:658)\n\tat org.apache.catalina.core.ApplicationFilterChain.internalDoFilter(ApplicationFilterChain.java:195)\n\tat org.apache.catalina.core.ApplicationFilterChain.doFilter(ApplicationFilterChain.java:140)\n\tat org.apache.tomcat.websocket.server.WsFilter.doFilter(WsFilter.java:51)\n\tat org.apache.catalina.core.ApplicationFilterChain.internalDoFilter(ApplicationFilterChain.java:164)\n\tat org.apache.catalina.core.ApplicationFilterChain.doFilter(ApplicationFilterChain.java:140)\n\tat com.commercex.common.logging.CorrelationIdFilter.doFilterInternal(CorrelationIdFilter.java:44)\n\tat org.springframework.web.filter.OncePerRequestFilter.doFilter(OncePerRequestFilter.java:116)\n\tat org.apache.catalina.core.ApplicationFilterChain.internalDoFilter(ApplicationFilterChain.java:164)\n\tat org.apache.catalina.core.ApplicationFilterChain.doFilter(ApplicationFilterChain.java:140)\n\tat org.springframework.web.filter.RequestContextFilter.doFilterInternal(RequestContextFilter.java:100)\n\tat org.springframework.web.filter.OncePerRequestFilter.doFilter(OncePerRequestFilter.java:116)\n\tat org.apache.catalina.core.ApplicationFilterChain.internalDoFilter(ApplicationFilterChain.java:164)\n\tat org.apache.catalina.core.ApplicationFilterChain.doFilter(ApplicationFilterChain.java:140)\n\tat org.springframework.web.filter.FormContentFilter.doFilterInternal(FormContentFilter.java:93)\n\tat org.springframework.web.filter.OncePerRequestFilter.doFilter(OncePerRequestFilter.java:116)\n\tat org.apache.catalina.core.ApplicationFilterChain.internalDoFilter(ApplicationFilterChain.java:164)\n\tat org.apache.catalina.core.ApplicationFilterChain.doFilter(ApplicationFilterChain.java:140)\n\tat org.springframework.web.servlet.v6_0.OpenTelemetryHandlerMappingFilter.doFilter(OpenTelemetryHandlerMappingFilter.java:78)\n\tat org.apache.catalina.core.ApplicationFilterChain.internalDoFilter(ApplicationFilterChain.java:164)\n\tat org.apache.catalina.core.ApplicationFilterChain.doFilter(ApplicationFilterChain.java:140)\n\tat org.springframework.web.filter.ServerHttpObservationFilter.doFilterInternal(ServerHttpObservationFilter.java:114)\n\tat org.springframework.web.filter.OncePerRequestFilter.doFilter(OncePerRequestFilter.java:116)\n\tat org.apache.catalina.core.ApplicationFilterChain.internalDoFilter(ApplicationFilterChain.java:164)\n\tat org.apache.catalina.core.ApplicationFilterChain.doFilter(ApplicationFilterChain.java:140)\n\tat org.springframework.web.filter.CharacterEncodingFilter.doFilterInternal(CharacterEncodingFilter.java:201)\n\tat org.springframework.web.filter.OncePerRequestFilter.doFilter(OncePerRequestFilter.java:116)\n\tat org.apache.catalina.core.ApplicationFilterChain.internalDoFilter(ApplicationFilterChain.java:164)\n\tat org.apache.catalina.core.ApplicationFilterChain.doFilter(ApplicationFilterChain.java:140)\n\tat org.apache.catalina.core.StandardWrapperValve.invoke(StandardWrapperValve.java:167)\n\tat org.apache.catalina.core.StandardContextValve.invoke(StandardContextValve.java:90)\n\tat org.apache.catalina.authenticator.AuthenticatorBase.invoke(AuthenticatorBase.java:483)\n\tat org.apache.catalina.core.StandardHostValve.invoke(StandardHostValve.java:116)\n\tat org.apache.catalina.valves.ErrorReportValve.invoke(ErrorReportValve.java:93)\n\tat org.apache.catalina.core.StandardEngineValve.invoke(StandardEngineValve.java:74)\n\tat org.apache.catalina.connector.CoyoteAdapter.service(CoyoteAdapter.java:344)\n\tat org.apache.coyote.http11.Http11Processor.service(Http11Processor.java:398)\n\tat org.apache.coyote.AbstractProcessorLight.process(AbstractProcessorLight.java:63)\n\tat org.apache.coyote.AbstractProtocol$ConnectionHandler.process(AbstractProtocol.java:903)\n\tat org.apache.tomcat.util.net.NioEndpoint$SocketProcessor.doRun(NioEndpoint.java:1769)\n\tat org.apache.tomcat.util.net.SocketProcessorBase.run(SocketProcessorBase.java:52)\n\tat org.apache.tomcat.util.threads.ThreadPoolExecutor.runWorker(ThreadPoolExecutor.java:1189)\n\tat org.apache.tomcat.util.threads.ThreadPoolExecutor$Worker.run(ThreadPoolExecutor.java:658)\n\tat org.apache.tomcat.util.threads.TaskThread$WrappingRunnable.run(TaskThread.java:63)\n\tat java.base/java.lang.Thread.run(Thread.java:1583)\n"}
{"timestamp":"2026-08-17T22:17:10.353862+05:30","level":"ERROR","logger":"com.commercex.common.exception.GlobalExceptionHandler","thread":"http-nio-8082-exec-2","correlationId":"694c4d62-952d-47f7-a2bb-554e93d64f21","trace_id":"8dd07e5f7f0293e3eeb4107766845f77","trace_flags":"03","span_id":"9374150a45011c2d","message":"Unhandled Exception","stack_trace":"org.springframework.web.servlet.resource.NoResourceFoundException: No static resource actuator/prometheus.\n\tat org.springframework.web.servlet.resource.ResourceHttpRequestHandler.handleRequest(ResourceHttpRequestHandler.java:585)\n\tat org.springframework.web.servlet.mvc.HttpRequestHandlerAdapter.handle(HttpRequestHandlerAdapter.java:52)\n\tat org.springframework.web.servlet.DispatcherServlet.doDispatch(DispatcherServlet.java:1089)\n\tat org.springframework.web.servlet.DispatcherServlet.doService(DispatcherServlet.java:979)\n\tat org.springframework.web.servlet.FrameworkServlet.processRequest(FrameworkServlet.java:1014)\n\tat org.springframework.web.servlet.FrameworkServlet.doGet(FrameworkServlet.java:903)\n\tat jakarta.servlet.http.HttpServlet.service(HttpServlet.java:564)\n\tat org.springframework.web.servlet.FrameworkServlet.service(FrameworkServlet.java:885)\n\tat jakarta.servlet.http.HttpServlet.service(HttpServlet.java:658)\n\tat org.apache.catalina.core.ApplicationFilterChain.internalDoFilter(ApplicationFilterChain.java:195)\n\tat org.apache.catalina.core.ApplicationFilterChain.doFilter(ApplicationFilterChain.java:140)\n\tat org.apache.tomcat.websocket.server.WsFilter.doFilter(WsFilter.java:51)\n\tat org.apache.catalina.core.ApplicationFilterChain.internalDoFilter(ApplicationFilterChain.java:164)\n\tat org.apache.catalina.core.ApplicationFilterChain.doFilter(ApplicationFilterChain.java:140)\n\tat com.commercex.common.logging.CorrelationIdFilter.doFilterInternal(CorrelationIdFilter.java:44)\n\tat org.springframework.web.filter.OncePerRequestFilter.doFilter(OncePerRequestFilter.java:116)\n\tat org.apache.catalina.core.ApplicationFilterChain.internalDoFilter(ApplicationFilterChain.java:164)\n\tat org.apache.catalina.core.ApplicationFilterChain.doFilter(ApplicationFilterChain.java:140)\n\tat org.springframework.web.filter.RequestContextFilter.doFilterInternal(RequestContextFilter.java:100)\n\tat org.springframework.web.filter.OncePerRequestFilter.doFilter(OncePerRequestFilter.java:116)\n\tat org.apache.catalina.core.ApplicationFilterChain.internalDoFilter(ApplicationFilterChain.java:164)\n\tat org.apache.catalina.core.ApplicationFilterChain.doFilter(ApplicationFilterChain.java:140)\n\tat org.springframework.web.filter.FormContentFilter.doFilterInternal(FormContentFilter.java:93)\n\tat org.springframework.web.filter.OncePerRequestFilter.doFilter(OncePerRequestFilter.java:116)\n\tat org.apache.catalina.core.ApplicationFilterChain.internalDoFilter(ApplicationFilterChain.java:164)\n\tat org.apache.catalina.core.ApplicationFilterChain.doFilter(ApplicationFilterChain.java:140)\n\tat org.springframework.web.servlet.v6_0.OpenTelemetryHandlerMappingFilter.doFilter(OpenTelemetryHandlerMappingFilter.java:78)\n\tat org.apache.catalina.core.ApplicationFilterChain.internalDoFilter(ApplicationFilterChain.java:164)\n\tat org.apache.catalina.core.ApplicationFilterChain.doFilter(ApplicationFilterChain.java:140)\n\tat org.springframework.web.filter.ServerHttpObservationFilter.doFilterInternal(ServerHttpObservationFilter.java:114)\n\tat org.springframework.web.filter.OncePerRequestFilter.doFilter(OncePerRequestFilter.java:116)\n\tat org.apache.catalina.core.ApplicationFilterChain.internalDoFilter(ApplicationFilterChain.java:164)\n\tat org.apache.catalina.core.ApplicationFilterChain.doFilter(ApplicationFilterChain.java:140)\n\tat org.springframework.web.filter.CharacterEncodingFilter.doFilterInternal(CharacterEncodingFilter.java:201)\n\tat org.springframework.web.filter.OncePerRequestFilter.doFilter(OncePerRequestFilter.java:116)\n\tat org.apache.catalina.core.ApplicationFilterChain.internalDoFilter(ApplicationFilterChain.java:164)\n\tat org.apache.catalina.core.ApplicationFilterChain.doFilter(ApplicationFilterChain.java:140)\n\tat org.apache.catalina.core.StandardWrapperValve.invoke(StandardWrapperValve.java:167)\n\tat org.apache.catalina.core.StandardContextValve.invoke(StandardContextValve.java:90)\n\tat org.apache.catalina.authenticator.AuthenticatorBase.invoke(AuthenticatorBase.java:483)\n\tat org.apache.catalina.core.StandardHostValve.invoke(StandardHostValve.java:116)\n\tat org.apache.catalina.valves.ErrorReportValve.invoke(ErrorReportValve.java:93)\n\tat org.apache.catalina.core.StandardEngineValve.invoke(StandardEngineValve.java:74)\n\tat org.apache.catalina.connector.CoyoteAdapter.service(CoyoteAdapter.java:344)\n\tat org.apache.coyote.http11.Http11Processor.service(Http11Processor.java:398)\n\tat org.apache.coyote.AbstractProcessorLight.process(AbstractProcessorLight.java:63)\n\tat org.apache.coyote.AbstractProtocol$ConnectionHandler.process(AbstractProtocol.java:903)\n\tat org.apache.tomcat.util.net.NioEndpoint$SocketProcessor.doRun(NioEndpoint.java:1769)\n\tat org.apache.tomcat.util.net.SocketProcessorBase.run(SocketProcessorBase.java:52)\n\tat org.apache.tomcat.util.threads.ThreadPoolExecutor.runWorker(ThreadPoolExecutor.java:1189)\n\tat org.apache.tomcat.util.threads.ThreadPoolExecutor$Worker.run(ThreadPoolExecutor.java:658)\n\tat org.apache.tomcat.util.threads.TaskThread$WrappingRunnable.run(TaskThread.java:63)\n\tat java.base/java.lang.Thread.run(Thread.java:1583)\n"}
{"timestamp":"2026-08-17T22:17:20.352661+05:30","level":"ERROR","logger":"com.commercex.common.exception.GlobalExceptionHandler","thread":"http-nio-8082-exec-3","correlationId":"59690c83-41ef-4d43-8ff6-4966a4838441","trace_id":"78e9df5d276d75f644b7a2166a0af404","trace_flags":"03","span_id":"db6e5b69b0e4869c","message":"Unhandled Exception","stack_trace":"org.springframework.web.servlet.resource.NoResourceFoundException: No static resource actuator/prometheus.\n\tat org.springframework.web.servlet.resource.ResourceHttpRequestHandler.handleRequest(ResourceHttpRequestHandler.java:585)\n\tat org.springframework.web.servlet.mvc.HttpRequestHandlerAdapter.handle(HttpRequestHandlerAdapter.java:52)\n\tat org.springframework.web.servlet.DispatcherServlet.doDispatch(DispatcherServlet.java:1089)\n\tat org.springframework.web.servlet.DispatcherServlet.doService(DispatcherServlet.java:979)\n\tat org.springframework.web.servlet.FrameworkServlet.processRequest(FrameworkServlet.java:1014)\n\tat org.springframework.web.servlet.FrameworkServlet.doGet(FrameworkServlet.java:903)\n\tat jakarta.servlet.http.HttpServlet.service(HttpServlet.java:564)\n\tat org.springframework.web.servlet.FrameworkServlet.service(FrameworkServlet.java:885)\n\tat jakarta.servlet.http.HttpServlet.service(HttpServlet.java:658)\n\tat org.apache.catalina.core.ApplicationFilterChain.internalDoFilter(ApplicationFilterChain.java:195)\n\tat org.apache.catalina.core.ApplicationFilterChain.doFilter(ApplicationFilterChain.java:140)\n\tat org.apache.tomcat.websocket.server.WsFilter.doFilter(WsFilter.java:51)\n\tat org.apache.catalina.core.ApplicationFilterChain.internalDoFilter(ApplicationFilterChain.java:164)\n\tat org.apache.catalina.core.ApplicationFilterChain.doFilter(ApplicationFilterChain.java:140)\n\tat com.commercex.common.logging.CorrelationIdFilter.doFilterInternal(CorrelationIdFilter.java:44)\n\tat org.springframework.web.filter.OncePerRequestFilter.doFilter(OncePerRequestFilter.java:116)\n\tat org.apache.catalina.core.ApplicationFilterChain.internalDoFilter(ApplicationFilterChain.java:164)\n\tat org.apache.catalina.core.ApplicationFilterChain.doFilter(ApplicationFilterChain.java:140)\n\tat org.springframework.web.filter.RequestContextFilter.doFilterInternal(RequestContextFilter.java:100)\n\tat org.springframework.web.filter.OncePerRequestFilter.doFilter(OncePerRequestFilter.java:116)\n\tat org.apache.catalina.core.ApplicationFilterChain.internalDoFilter(ApplicationFilterChain.java:164)\n\tat org.apache.catalina.core.ApplicationFilterChain.doFilter(ApplicationFilterChain.java:140)\n\tat org.springframework.web.filter.FormContentFilter.doFilterInternal(FormContentFilter.java:93)\n\tat org.springframework.web.filter.OncePerRequestFilter.doFilter(OncePerRequestFilter.java:116)\n\tat org.apache.catalina.core.ApplicationFilterChain.internalDoFilter(ApplicationFilterChain.java:164)\n\tat org.apache.catalina.core.ApplicationFilterChain.doFilter(ApplicationFilterChain.java:140)\n\tat org.springframework.web.servlet.v6_0.OpenTelemetryHandlerMappingFilter.doFilter(OpenTelemetryHandlerMappingFilter.java:78)\n\tat org.apache.catalina.core.ApplicationFilterChain.internalDoFilter(ApplicationFilterChain.java:164)\n\tat org.apache.catalina.core.ApplicationFilterChain.doFilter(ApplicationFilterChain.java:140)\n\tat org.springframework.web.filter.ServerHttpObservationFilter.doFilterInternal(ServerHttpObservationFilter.java:114)\n\tat org.springframework.web.filter.OncePerRequestFilter.doFilter(OncePerRequestFilter.java:116)\n\tat org.apache.catalina.core.ApplicationFilterChain.internalDoFilter(ApplicationFilterChain.java:164)\n\tat org.apache.catalina.core.ApplicationFilterChain.doFilter(ApplicationFilterChain.java:140)\n\tat org.springframework.web.filter.CharacterEncodingFilter.doFilterInternal(CharacterEncodingFilter.java:201)\n\tat org.springframework.web.filter.OncePerRequestFilter.doFilter(OncePerRequestFilter.java:116)\n\tat org.apache.catalina.core.ApplicationFilterChain.internalDoFilter(ApplicationFilterChain.java:164)\n\tat org.apache.catalina.core.ApplicationFilterChain.doFilter(ApplicationFilterChain.java:140)\n\tat org.apache.catalina.core.StandardWrapperValve.invoke(StandardWrapperValve.java:167)\n\tat org.apache.catalina.core.StandardContextValve.invoke(StandardContextValve.java:90)\n\tat org.apache.catalina.authenticator.AuthenticatorBase.invoke(AuthenticatorBase.java:483)\n\tat org.apache.catalina.core.StandardHostValve.invoke(StandardHostValve.java:116)\n\tat org.apache.catalina.valves.ErrorReportValve.invoke(ErrorReportValve.java:93)\n\tat org.apache.catalina.core.StandardEngineValve.invoke(StandardEngineValve.java:74)\n\tat org.apache.catalina.connector.CoyoteAdapter.service(CoyoteAdapter.java:344)\n\tat org.apache.coyote.http11.Http11Processor.service(Http11Processor.java:398)\n\tat org.apache.coyote.AbstractProcessorLight.process(AbstractProcessorLight.java:63)\n\tat org.apache.coyote.AbstractProtocol$ConnectionHandler.process(AbstractProtocol.java:903)\n\tat org.apache.tomcat.util.net.NioEndpoint$SocketProcessor.doRun(NioEndpoint.java:1769)\n\tat org.apache.tomcat.util.net.SocketProcessorBase.run(SocketProcessorBase.java:52)\n\tat org.apache.tomcat.util.threads.ThreadPoolExecutor.runWorker(ThreadPoolExecutor.java:1189)\n\tat org.apache.tomcat.util.threads.ThreadPoolExecutor$Worker.run(ThreadPoolExecutor.java:658)\n\tat org.apache.tomcat.util.threads.TaskThread$WrappingRunnable.run(TaskThread.java:63)\n\tat java.base/java.lang.Thread.run(Thread.java:1583)\n"}
{"timestamp":"2026-08-17T22:17:30.338891+05:30","level":"ERROR","logger":"com.commercex.common.exception.GlobalExceptionHandler","thread":"http-nio-8082-exec-4","correlationId":"c19fa56c-5bba-43de-b1fe-586550c43d42","trace_id":"5242634a4dd7709b4435a978307899e0","trace_flags":"03","span_id":"5bb9f1d8496f37cb","message":"Unhandled Exception","stack_trace":"org.springframework.web.servlet.resource.NoResourceFoundException: No static resource actuator/prometheus.\n\tat org.springframework.web.servlet.resource.ResourceHttpRequestHandler.handleRequest(ResourceHttpRequestHandler.java:585)\n\tat org.springframework.web.servlet.mvc.HttpRequestHandlerAdapter.handle(HttpRequestHandlerAdapter.java:52)\n\tat org.springframework.web.servlet.DispatcherServlet.doDispatch(DispatcherServlet.java:1089)\n\tat org.springframework.web.servlet.DispatcherServlet.doService(DispatcherServlet.java:979)\n\tat org.springframework.web.servlet.FrameworkServlet.processRequest(FrameworkServlet.java:1014)\n\tat org.springframework.web.servlet.FrameworkServlet.doGet(FrameworkServlet.java:903)\n\tat jakarta.servlet.http.HttpServlet.service(HttpServlet.java:564)\n\tat org.springframework.web.servlet.FrameworkServlet.service(FrameworkServlet.java:885)\n\tat jakarta.servlet.http.HttpServlet.service(HttpServlet.java:658)\n\tat org.apache.catalina.core.ApplicationFilterChain.internalDoFilter(ApplicationFilterChain.java:195)\n\tat org.apache.catalina.core.ApplicationFilterChain.doFilter(ApplicationFilterChain.java:140)\n\tat org.apache.tomcat.websocket.server.WsFilter.doFilter(WsFilter.java:51)\n\tat org.apache.catalina.core.ApplicationFilterChain.internalDoFilter(ApplicationFilterChain.java:164)\n\tat org.apache.catalina.core.ApplicationFilterChain.doFilter(ApplicationFilterChain.java:140)\n\tat com.commercex.common.logging.CorrelationIdFilter.doFilterInternal(CorrelationIdFilter.java:44)\n\tat org.springframework.web.filter.OncePerRequestFilter.doFilter(OncePerRequestFilter.java:116)\n\tat org.apache.catalina.core.ApplicationFilterChain.internalDoFilter(ApplicationFilterChain.java:164)\n\tat org.apache.catalina.core.ApplicationFilterChain.doFilter(ApplicationFilterChain.java:140)\n\tat org.springframework.web.filter.RequestContextFilter.doFilterInternal(RequestContextFilter.java:100)\n\tat org.springframework.web.filter.OncePerRequestFilter.doFilter(OncePerRequestFilter.java:116)\n\tat org.apache.catalina.core.ApplicationFilterChain.internalDoFilter(ApplicationFilterChain.java:164)\n\tat org.apache.catalina.core.ApplicationFilterChain.doFilter(ApplicationFilterChain.java:140)\n\tat org.springframework.web.filter.FormContentFilter.doFilterInternal(FormContentFilter.java:93)\n\tat org.springframework.web.filter.OncePerRequestFilter.doFilter(OncePerRequestFilter.java:116)\n\tat org.apache.catalina.core.ApplicationFilterChain.internalDoFilter(ApplicationFilterChain.java:164)\n\tat org.apache.catalina.core.ApplicationFilterChain.doFilter(ApplicationFilterChain.java:140)\n\tat org.springframework.web.servlet.v6_0.OpenTelemetryHandlerMappingFilter.doFilter(OpenTelemetryHandlerMappingFilter.java:78)\n\tat org.apache.catalina.core.ApplicationFilterChain.internalDoFilter(ApplicationFilterChain.java:164)\n\tat org.apache.catalina.core.ApplicationFilterChain.doFilter(ApplicationFilterChain.java:140)\n\tat org.springframework.web.filter.ServerHttpObservationFilter.doFilterInternal(ServerHttpObservationFilter.java:114)\n\tat org.springframework.web.filter.OncePerRequestFilter.doFilter(OncePerRequestFilter.java:116)\n\tat org.apache.catalina.core.ApplicationFilterChain.internalDoFilter(ApplicationFilterChain.java:164)\n\tat org.apache.catalina.core.ApplicationFilterChain.doFilter(ApplicationFilterChain.java:140)\n\tat org.springframework.web.filter.CharacterEncodingFilter.doFilterInternal(CharacterEncodingFilter.java:201)\n\tat org.springframework.web.filter.OncePerRequestFilter.doFilter(OncePerRequestFilter.java:116)\n\tat org.apache.catalina.core.ApplicationFilterChain.internalDoFilter(ApplicationFilterChain.java:164)\n\tat org.apache.catalina.core.ApplicationFilterChain.doFilter(ApplicationFilterChain.java:140)\n\tat org.apache.catalina.core.StandardWrapperValve.invoke(StandardWrapperValve.java:167)\n\tat org.apache.catalina.core.StandardContextValve.invoke(StandardContextValve.java:90)\n\tat org.apache.catalina.authenticator.AuthenticatorBase.invoke(AuthenticatorBase.java:483)\n\tat org.apache.catalina.core.StandardHostValve.invoke(StandardHostValve.java:116)\n\tat org.apache.catalina.valves.ErrorReportValve.invoke(ErrorReportValve.java:93)\n\tat org.apache.catalina.core.StandardEngineValve.invoke(StandardEngineValve.java:74)\n\tat org.apache.catalina.connector.CoyoteAdapter.service(CoyoteAdapter.java:344)\n\tat org.apache.coyote.http11.Http11Processor.service(Http11Processor.java:398)\n\tat org.apache.coyote.AbstractProcessorLight.process(AbstractProcessorLight.java:63)\n\tat org.apache.coyote.AbstractProtocol$ConnectionHandler.process(AbstractProtocol.java:903)\n\tat org.apache.tomcat.util.net.NioEndpoint$SocketProcessor.doRun(NioEndpoint.java:1769)\n\tat org.apache.tomcat.util.net.SocketProcessorBase.run(SocketProcessorBase.java:52)\n\tat org.apache.tomcat.util.threads.ThreadPoolExecutor.runWorker(ThreadPoolExecutor.java:1189)\n\tat org.apache.tomcat.util.threads.ThreadPoolExecutor$Worker.run(ThreadPoolExecutor.java:658)\n\tat org.apache.tomcat.util.threads.TaskThread$WrappingRunnable.run(TaskThread.java:63)\n\tat java.base/java.lang.Thread.run(Thread.java:1583)\n"}
{"timestamp":"2026-08-17T22:17:40.338064+05:30","level":"ERROR","logger":"com.commercex.common.exception.GlobalExceptionHandler","thread":"http-nio-8082-exec-5","correlationId":"1b7166ed-026b-4ba1-8a30-29ab1ee94604","trace_id":"391ff3dc996c87caf96188ee9cdc1598","trace_flags":"03","span_id":"52a5fdefd2590e54","message":"Unhandled Exception","stack_trace":"org.springframework.web.servlet.resource.NoResourceFoundException: No static resource actuator/prometheus.\n\tat org.springframework.web.servlet.resource.ResourceHttpRequestHandler.handleRequest(ResourceHttpRequestHandler.java:585)\n\tat org.springframework.web.servlet.mvc.HttpRequestHandlerAdapter.handle(HttpRequestHandlerAdapter.java:52)\n\tat org.springframework.web.servlet.DispatcherServlet.doDispatch(DispatcherServlet.java:1089)\n\tat org.springframework.web.servlet.DispatcherServlet.doService(DispatcherServlet.java:979)\n\tat org.springframework.web.servlet.FrameworkServlet.processRequest(FrameworkServlet.java:1014)\n\tat org.springframework.web.servlet.FrameworkServlet.doGet(FrameworkServlet.java:903)\n\tat jakarta.servlet.http.HttpServlet.service(HttpServlet.java:564)\n\tat org.springframework.web.servlet.FrameworkServlet.service(FrameworkServlet.java:885)\n\tat jakarta.servlet.http.HttpServlet.service(HttpServlet.java:658)\n\tat org.apache.catalina.core.ApplicationFilterChain.internalDoFilter(ApplicationFilterChain.java:195)\n\tat org.apache.catalina.core.ApplicationFilterChain.doFilter(ApplicationFilterChain.java:140)\n\tat org.apache.tomcat.websocket.server.WsFilter.doFilter(WsFilter.java:51)\n\tat org.apache.catalina.core.ApplicationFilterChain.internalDoFilter(ApplicationFilterChain.java:164)\n\tat org.apache.catalina.core.ApplicationFilterChain.doFilter(ApplicationFilterChain.java:140)\n\tat com.commercex.common.logging.CorrelationIdFilter.doFilterInternal(CorrelationIdFilter.java:44)\n\tat org.springframework.web.filter.OncePerRequestFilter.doFilter(OncePerRequestFilter.java:116)\n\tat org.apache.catalina.core.ApplicationFilterChain.internalDoFilter(ApplicationFilterChain.java:164)\n\tat org.apache.catalina.core.ApplicationFilterChain.doFilter(ApplicationFilterChain.java:140)\n\tat org.springframework.web.filter.RequestContextFilter.doFilterInternal(RequestContextFilter.java:100)\n\tat org.springframework.web.filter.OncePerRequestFilter.doFilter(OncePerRequestFilter.java:116)\n\tat org.apache.catalina.core.ApplicationFilterChain.internalDoFilter(ApplicationFilterChain.java:164)\n\tat org.apache.catalina.core.ApplicationFilterChain.doFilter(ApplicationFilterChain.java:140)\n\tat org.springframework.web.filter.FormContentFilter.doFilterInternal(FormContentFilter.java:93)\n\tat org.springframework.web.filter.OncePerRequestFilter.doFilter(OncePerRequestFilter.java:116)\n\tat org.apache.catalina.core.ApplicationFilterChain.internalDoFilter(ApplicationFilterChain.java:164)\n\tat org.apache.catalina.core.ApplicationFilterChain.doFilter(ApplicationFilterChain.java:140)\n\tat org.springframework.web.servlet.v6_0.OpenTelemetryHandlerMappingFilter.doFilter(OpenTelemetryHandlerMappingFilter.java:78)\n\tat org.apache.catalina.core.ApplicationFilterChain.internalDoFilter(ApplicationFilterChain.java:164)\n\tat org.apache.catalina.core.ApplicationFilterChain.doFilter(ApplicationFilterChain.java:140)\n\tat org.springframework.web.filter.ServerHttpObservationFilter.doFilterInternal(ServerHttpObservationFilter.java:114)\n\tat org.springframework.web.filter.OncePerRequestFilter.doFilter(OncePerRequestFilter.java:116)\n\tat org.apache.catalina.core.ApplicationFilterChain.internalDoFilter(ApplicationFilterChain.java:164)\n\tat org.apache.catalina.core.ApplicationFilterChain.doFilter(ApplicationFilterChain.java:140)\n\tat org.springframework.web.filter.CharacterEncodingFilter.doFilterInternal(CharacterEncodingFilter.java:201)\n\tat org.springframework.web.filter.OncePerRequestFilter.doFilter(OncePerRequestFilter.java:116)\n\tat org.apache.catalina.core.ApplicationFilterChain.internalDoFilter(ApplicationFilterChain.java:164)\n\tat org.apache.catalina.core.ApplicationFilterChain.doFilter(ApplicationFilterChain.java:140)\n\tat org.apache.catalina.core.StandardWrapperValve.invoke(StandardWrapperValve.java:167)\n\tat org.apache.catalina.core.StandardContextValve.invoke(StandardContextValve.java:90)\n\tat org.apache.catalina.authenticator.AuthenticatorBase.invoke(AuthenticatorBase.java:483)\n\tat org.apache.catalina.core.StandardHostValve.invoke(StandardHostValve.java:116)\n\tat org.apache.catalina.valves.ErrorReportValve.invoke(ErrorReportValve.java:93)\n\tat org.apache.catalina.core.StandardEngineValve.invoke(StandardEngineValve.java:74)\n\tat org.apache.catalina.connector.CoyoteAdapter.service(CoyoteAdapter.java:344)\n\tat org.apache.coyote.http11.Http11Processor.service(Http11Processor.java:398)\n\tat org.apache.coyote.AbstractProcessorLight.process(AbstractProcessorLight.java:63)\n\tat org.apache.coyote.AbstractProtocol$ConnectionHandler.process(AbstractProtocol.java:903)\n\tat org.apache.tomcat.util.net.NioEndpoint$SocketProcessor.doRun(NioEndpoint.java:1769)\n\tat org.apache.tomcat.util.net.SocketProcessorBase.run(SocketProcessorBase.java:52)\n\tat org.apache.tomcat.util.threads.ThreadPoolExecutor.runWorker(ThreadPoolExecutor.java:1189)\n\tat org.apache.tomcat.util.threads.ThreadPoolExecutor$Worker.run(ThreadPoolExecutor.java:658)\n\tat org.apache.tomcat.util.threads.TaskThread$WrappingRunnable.run(TaskThread.java:63)\n\tat java.base/java.lang.Thread.run(Thread.java:1583)\n"}
{"timestamp":"2026-08-17T22:17:50.341518+05:30","level":"ERROR","logger":"com.commercex.common.exception.GlobalExceptionHandler","thread":"http-nio-8082-exec-6","correlationId":"aff474f4-103c-4e63-835b-e826fd3c6758","trace_id":"12add3ad5478d457f6b74697ac38d6c8","trace_flags":"03","span_id":"f28df50f5f39ca0c","message":"Unhandled Exception","stack_trace":"org.springframework.web.servlet.resource.NoResourceFoundException: No static resource actuator/prometheus.\n\tat org.springframework.web.servlet.resource.ResourceHttpRequestHandler.handleRequest(ResourceHttpRequestHandler.java:585)\n\tat org.springframework.web.servlet.mvc.HttpRequestHandlerAdapter.handle(HttpRequestHandlerAdapter.java:52)\n\tat org.springframework.web.servlet.DispatcherServlet.doDispatch(DispatcherServlet.java:1089)\n\tat org.springframework.web.servlet.DispatcherServlet.doService(DispatcherServlet.java:979)\n\tat org.springframework.web.servlet.FrameworkServlet.processRequest(FrameworkServlet.java:1014)\n\tat org.springframework.web.servlet.FrameworkServlet.doGet(FrameworkServlet.java:903)\n\tat jakarta.servlet.http.HttpServlet.service(HttpServlet.java:564)\n\tat org.springframework.web.servlet.FrameworkServlet.service(FrameworkServlet.java:885)\n\tat jakarta.servlet.http.HttpServlet.service(HttpServlet.java:658)\n\tat org.apache.catalina.core.ApplicationFilterChain.internalDoFilter(ApplicationFilterChain.java:195)\n\tat org.apache.catalina.core.ApplicationFilterChain.doFilter(ApplicationFilterChain.java:140)\n\tat org.apache.tomcat.websocket.server.WsFilter.doFilter(WsFilter.java:51)\n\tat org.apache.catalina.core.ApplicationFilterChain.internalDoFilter(ApplicationFilterChain.java:164)\n\tat org.apache.catalina.core.ApplicationFilterChain.doFilter(ApplicationFilterChain.java:140)\n\tat com.commercex.common.logging.CorrelationIdFilter.doFilterInternal(CorrelationIdFilter.java:44)\n\tat org.springframework.web.filter.OncePerRequestFilter.doFilter(OncePerRequestFilter.java:116)\n\tat org.apache.catalina.core.ApplicationFilterChain.internalDoFilter(ApplicationFilterChain.java:164)\n\tat org.apache.catalina.core.ApplicationFilterChain.doFilter(ApplicationFilterChain.java:140)\n\tat org.springframework.web.filter.RequestContextFilter.doFilterInternal(RequestContextFilter.java:100)\n\tat org.springframework.web.filter.OncePerRequestFilter.doFilter(OncePerRequestFilter.java:116)\n\tat org.apache.catalina.core.ApplicationFilterChain.internalDoFilter(ApplicationFilterChain.java:164)\n\tat org.apache.catalina.core.ApplicationFilterChain.doFilter(ApplicationFilterChain.java:140)\n\tat org.springframework.web.filter.FormContentFilter.doFilterInternal(FormContentFilter.java:93)\n\tat org.springframework.web.filter.OncePerRequestFilter.doFilter(OncePerRequestFilter.java:116)\n\tat org.apache.catalina.core.ApplicationFilterChain.internalDoFilter(ApplicationFilterChain.java:164)\n\tat org.apache.catalina.core.ApplicationFilterChain.doFilter(ApplicationFilterChain.java:140)\n\tat org.springframework.web.servlet.v6_0.OpenTelemetryHandlerMappingFilter.doFilter(OpenTelemetryHandlerMappingFilter.java:78)\n\tat org.apache.catalina.core.ApplicationFilterChain.internalDoFilter(ApplicationFilterChain.java:164)\n\tat org.apache.catalina.core.ApplicationFilterChain.doFilter(ApplicationFilterChain.java:140)\n\tat org.springframework.web.filter.ServerHttpObservationFilter.doFilterInternal(ServerHttpObservationFilter.java:114)\n\tat org.springframework.web.filter.OncePerRequestFilter.doFilter(OncePerRequestFilter.java:116)\n\tat org.apache.catalina.core.ApplicationFilterChain.internalDoFilter(ApplicationFilterChain.java:164)\n\tat org.apache.catalina.core.ApplicationFilterChain.doFilter(ApplicationFilterChain.java:140)\n\tat org.springframework.web.filter.CharacterEncodingFilter.doFilterInternal(CharacterEncodingFilter.java:201)\n\tat org.springframework.web.filter.OncePerRequestFilter.doFilter(OncePerRequestFilter.java:116)\n\tat org.apache.catalina.core.ApplicationFilterChain.internalDoFilter(ApplicationFilterChain.java:164)\n\tat org.apache.catalina.core.ApplicationFilterChain.doFilter(ApplicationFilterChain.java:140)\n\tat org.apache.catalina.core.StandardWrapperValve.invoke(StandardWrapperValve.java:167)\n\tat org.apache.catalina.core.StandardContextValve.invoke(StandardContextValve.java:90)\n\tat org.apache.catalina.authenticator.AuthenticatorBase.invoke(AuthenticatorBase.java:483)\n\tat org.apache.catalina.core.StandardHostValve.invoke(StandardHostValve.java:116)\n\tat org.apache.catalina.valves.ErrorReportValve.invoke(ErrorReportValve.java:93)\n\tat org.apache.catalina.core.StandardEngineValve.invoke(StandardEngineValve.java:74)\n\tat org.apache.catalina.connector.CoyoteAdapter.service(CoyoteAdapter.java:344)\n\tat org.apache.coyote.http11.Http11Processor.service(Http11Processor.java:398)\n\tat org.apache.coyote.AbstractProcessorLight.process(AbstractProcessorLight.java:63)\n\tat org.apache.coyote.AbstractProtocol$ConnectionHandler.process(AbstractProtocol.java:903)\n\tat org.apache.tomcat.util.net.NioEndpoint$SocketProcessor.doRun(NioEndpoint.java:1769)\n\tat org.apache.tomcat.util.net.SocketProcessorBase.run(SocketProcessorBase.java:52)\n\tat org.apache.tomcat.util.threads.ThreadPoolExecutor.runWorker(ThreadPoolExecutor.java:1189)\n\tat org.apache.tomcat.util.threads.ThreadPoolExecutor$Worker.run(ThreadPoolExecutor.java:658)\n\tat org.apache.tomcat.util.threads.TaskThread$WrappingRunnable.run(TaskThread.java:63)\n\tat java.base/java.lang.Thread.run(Thread.java:1583)\n"}
{"timestamp":"2026-08-17T22:18:00.338003+05:30","level":"ERROR","logger":"com.commercex.common.exception.GlobalExceptionHandler","thread":"http-nio-8082-exec-7","correlationId":"89bdaebe-dd0d-4ed0-b2fe-c9af441c621c","trace_id":"458747c868e706ae6dad0bb960f2bcce","trace_flags":"03","span_id":"4f1c6975b3195a37","message":"Unhandled Exception","stack_trace":"org.springframework.web.servlet.resource.NoResourceFoundException: No static resource actuator/prometheus.\n\tat org.springframework.web.servlet.resource.ResourceHttpRequestHandler.handleRequest(ResourceHttpRequestHandler.java:585)\n\tat org.springframework.web.servlet.mvc.HttpRequestHandlerAdapter.handle(HttpRequestHandlerAdapter.java:52)\n\tat org.springframework.web.servlet.DispatcherServlet.doDispatch(DispatcherServlet.java:1089)\n\tat org.springframework.web.servlet.DispatcherServlet.doService(DispatcherServlet.java:979)\n\tat org.springframework.web.servlet.FrameworkServlet.processRequest(FrameworkServlet.java:1014)\n\tat org.springframework.web.servlet.FrameworkServlet.doGet(FrameworkServlet.java:903)\n\tat jakarta.servlet.http.HttpServlet.service(HttpServlet.java:564)\n\tat org.springframework.web.servlet.FrameworkServlet.service(FrameworkServlet.java:885)\n\tat jakarta.servlet.http.HttpServlet.service(HttpServlet.java:658)\n\tat org.apache.catalina.core.ApplicationFilterChain.internalDoFilter(ApplicationFilterChain.java:195)\n\tat org.apache.catalina.core.ApplicationFilterChain.doFilter(ApplicationFilterChain.java:140)\n\tat org.apache.tomcat.websocket.server.WsFilter.doFilter(WsFilter.java:51)\n\tat org.apache.catalina.core.ApplicationFilterChain.internalDoFilter(ApplicationFilterChain.java:164)\n\tat org.apache.catalina.core.ApplicationFilterChain.doFilter(ApplicationFilterChain.java:140)\n\tat com.commercex.common.logging.CorrelationIdFilter.doFilterInternal(CorrelationIdFilter.java:44)\n\tat org.springframework.web.filter.OncePerRequestFilter.doFilter(OncePerRequestFilter.java:116)\n\tat org.apache.catalina.core.ApplicationFilterChain.internalDoFilter(ApplicationFilterChain.java:164)\n\tat org.apache.catalina.core.ApplicationFilterChain.doFilter(ApplicationFilterChain.java:140)\n\tat org.springframework.web.filter.RequestContextFilter.doFilterInternal(RequestContextFilter.java:100)\n\tat org.springframework.web.filter.OncePerRequestFilter.doFilter(OncePerRequestFilter.java:116)\n\tat org.apache.catalina.core.ApplicationFilterChain.internalDoFilter(ApplicationFilterChain.java:164)\n\tat org.apache.catalina.core.ApplicationFilterChain.doFilter(ApplicationFilterChain.java:140)\n\tat org.springframework.web.filter.FormContentFilter.doFilterInternal(FormContentFilter.java:93)\n\tat org.springframework.web.filter.OncePerRequestFilter.doFilter(OncePerRequestFilter.java:116)\n\tat org.apache.catalina.core.ApplicationFilterChain.internalDoFilter(ApplicationFilterChain.java:164)\n\tat org.apache.catalina.core.ApplicationFilterChain.doFilter(ApplicationFilterChain.java:140)\n\tat org.springframework.web.servlet.v6_0.OpenTelemetryHandlerMappingFilter.doFilter(OpenTelemetryHandlerMappingFilter.java:78)\n\tat org.apache.catalina.core.ApplicationFilterChain.internalDoFilter(ApplicationFilterChain.java:164)\n\tat org.apache.catalina.core.ApplicationFilterChain.doFilter(ApplicationFilterChain.java:140)\n\tat org.springframework.web.filter.ServerHttpObservationFilter.doFilterInternal(ServerHttpObservationFilter.java:114)\n\tat org.springframework.web.filter.OncePerRequestFilter.doFilter(OncePerRequestFilter.java:116)\n\tat org.apache.catalina.core.ApplicationFilterChain.internalDoFilter(ApplicationFilterChain.java:164)\n\tat org.apache.catalina.core.ApplicationFilterChain.doFilter(ApplicationFilterChain.java:140)\n\tat org.springframework.web.filter.CharacterEncodingFilter.doFilterInternal(CharacterEncodingFilter.java:201)\n\tat org.springframework.web.filter.OncePerRequestFilter.doFilter(OncePerRequestFilter.java:116)\n\tat org.apache.catalina.core.ApplicationFilterChain.internalDoFilter(ApplicationFilterChain.java:164)\n\tat org.apache.catalina.core.ApplicationFilterChain.doFilter(ApplicationFilterChain.java:140)\n\tat org.apache.catalina.core.StandardWrapperValve.invoke(StandardWrapperValve.java:167)\n\tat org.apache.catalina.core.StandardContextValve.invoke(StandardContextValve.java:90)\n\tat org.apache.catalina.authenticator.AuthenticatorBase.invoke(AuthenticatorBase.java:483)\n\tat org.apache.catalina.core.StandardHostValve.invoke(StandardHostValve.java:116)\n\tat org.apache.catalina.valves.ErrorReportValve.invoke(ErrorReportValve.java:93)\n\tat org.apache.catalina.core.StandardEngineValve.invoke(StandardEngineValve.java:74)\n\tat org.apache.catalina.connector.CoyoteAdapter.service(CoyoteAdapter.java:344)\n\tat org.apache.coyote.http11.Http11Processor.service(Http11Processor.java:398)\n\tat org.apache.coyote.AbstractProcessorLight.process(AbstractProcessorLight.java:63)\n\tat org.apache.coyote.AbstractProtocol$ConnectionHandler.process(AbstractProtocol.java:903)\n\tat org.apache.tomcat.util.net.NioEndpoint$SocketProcessor.doRun(NioEndpoint.java:1769)\n\tat org.apache.tomcat.util.net.SocketProcessorBase.run(SocketProcessorBase.java:52)\n\tat org.apache.tomcat.util.threads.ThreadPoolExecutor.runWorker(ThreadPoolExecutor.java:1189)\n\tat org.apache.tomcat.util.threads.ThreadPoolExecutor$Worker.run(ThreadPoolExecutor.java:658)\n\tat org.apache.tomcat.util.threads.TaskThread$WrappingRunnable.run(TaskThread.java:63)\n\tat java.base/java.lang.Thread.run(Thread.java:1583)\n"}
{"timestamp":"2026-08-17T22:18:09.501319+05:30","level":"INFO","logger":"com.netflix.discovery.DiscoveryClient","thread":"DiscoveryClient-HeartbeatExecutor-%d","message":"DiscoveryClient_PRODUCT-SERVICE/192.168.1.40:product-service:8082 - Re-registering apps/PRODUCT-SERVICE"}
{"timestamp":"2026-08-17T22:18:09.50431+05:30","level":"INFO","logger":"com.netflix.discovery.DiscoveryClient","thread":"DiscoveryClient-HeartbeatExecutor-%d","message":"DiscoveryClient_PRODUCT-SERVICE/192.168.1.40:product-service:8082: registering service..."}
{"timestamp":"2026-08-17T22:18:09.526561+05:30","level":"INFO","logger":"com.netflix.discovery.DiscoveryClient","thread":"DiscoveryClient-HeartbeatExecutor-%d","message":"DiscoveryClient_PRODUCT-SERVICE/192.168.1.40:product-service:8082 - registration status: 204"}
{"timestamp":"2026-08-17T22:18:10.320761+05:30","level":"ERROR","logger":"com.commercex.common.exception.GlobalExceptionHandler","thread":"http-nio-8082-exec-8","correlationId":"364dfa0b-6442-4302-8637-caf96154f7ff","trace_id":"d082357a0d6532bd3294c204ee02ac73","trace_flags":"03","span_id":"3e308fd5169294c2","message":"Unhandled Exception","stack_trace":"org.springframework.web.servlet.resource.NoResourceFoundException: No static resource actuator/prometheus.\n\tat org.springframework.web.servlet.resource.ResourceHttpRequestHandler.handleRequest(ResourceHttpRequestHandler.java:585)\n\tat org.springframework.web.servlet.mvc.HttpRequestHandlerAdapter.handle(HttpRequestHandlerAdapter.java:52)\n\tat org.springframework.web.servlet.DispatcherServlet.doDispatch(DispatcherServlet.java:1089)\n\tat org.springframework.web.servlet.DispatcherServlet.doService(DispatcherServlet.java:979)\n\tat org.springframework.web.servlet.FrameworkServlet.processRequest(FrameworkServlet.java:1014)\n\tat org.springframework.web.servlet.FrameworkServlet.doGet(FrameworkServlet.java:903)\n\tat jakarta.servlet.http.HttpServlet.service(HttpServlet.java:564)\n\tat org.springframework.web.servlet.FrameworkServlet.service(FrameworkServlet.java:885)\n\tat jakarta.servlet.http.HttpServlet.service(HttpServlet.java:658)\n\tat org.apache.catalina.core.ApplicationFilterChain.internalDoFilter(ApplicationFilterChain.java:195)\n\tat org.apache.catalina.core.ApplicationFilterChain.doFilter(ApplicationFilterChain.java:140)\n\tat org.apache.tomcat.websocket.server.WsFilter.doFilter(WsFilter.java:51)\n\tat org.apache.catalina.core.ApplicationFilterChain.internalDoFilter(ApplicationFilterChain.java:164)\n\tat org.apache.catalina.core.ApplicationFilterChain.doFilter(ApplicationFilterChain.java:140)\n\tat com.commercex.common.logging.CorrelationIdFilter.doFilterInternal(CorrelationIdFilter.java:44)\n\tat org.springframework.web.filter.OncePerRequestFilter.doFilter(OncePerRequestFilter.java:116)\n\tat org.apache.catalina.core.ApplicationFilterChain.internalDoFilter(ApplicationFilterChain.java:164)\n\tat org.apache.catalina.core.ApplicationFilterChain.doFilter(ApplicationFilterChain.java:140)\n\tat org.springframework.web.filter.RequestContextFilter.doFilterInternal(RequestContextFilter.java:100)\n\tat org.springframework.web.filter.OncePerRequestFilter.doFilter(OncePerRequestFilter.java:116)\n\tat org.apache.catalina.core.ApplicationFilterChain.internalDoFilter(ApplicationFilterChain.java:164)\n\tat org.apache.catalina.core.ApplicationFilterChain.doFilter(ApplicationFilterChain.java:140)\n\tat org.springframework.web.filter.FormContentFilter.doFilterInternal(FormContentFilter.java:93)\n\tat org.springframework.web.filter.OncePerRequestFilter.doFilter(OncePerRequestFilter.java:116)\n\tat org.apache.catalina.core.ApplicationFilterChain.internalDoFilter(ApplicationFilterChain.java:164)\n\tat org.apache.catalina.core.ApplicationFilterChain.doFilter(ApplicationFilterChain.java:140)\n\tat org.springframework.web.servlet.v6_0.OpenTelemetryHandlerMappingFilter.doFilter(OpenTelemetryHandlerMappingFilter.java:78)\n\tat org.apache.catalina.core.ApplicationFilterChain.internalDoFilter(ApplicationFilterChain.java:164)\n\tat org.apache.catalina.core.ApplicationFilterChain.doFilter(ApplicationFilterChain.java:140)\n\tat org.springframework.web.filter.ServerHttpObservationFilter.doFilterInternal(ServerHttpObservationFilter.java:114)\n\tat org.springframework.web.filter.OncePerRequestFilter.doFilter(OncePerRequestFilter.java:116)\n\tat org.apache.catalina.core.ApplicationFilterChain.internalDoFilter(ApplicationFilterChain.java:164)\n\tat org.apache.catalina.core.ApplicationFilterChain.doFilter(ApplicationFilterChain.java:140)\n\tat org.springframework.web.filter.CharacterEncodingFilter.doFilterInternal(CharacterEncodingFilter.java:201)\n\tat org.springframework.web.filter.OncePerRequestFilter.doFilter(OncePerRequestFilter.java:116)\n\tat org.apache.catalina.core.ApplicationFilterChain.internalDoFilter(ApplicationFilterChain.java:164)\n\tat org.apache.catalina.core.ApplicationFilterChain.doFilter(ApplicationFilterChain.java:140)\n\tat org.apache.catalina.core.StandardWrapperValve.invoke(StandardWrapperValve.java:167)\n\tat org.apache.catalina.core.StandardContextValve.invoke(StandardContextValve.java:90)\n\tat org.apache.catalina.authenticator.AuthenticatorBase.invoke(AuthenticatorBase.java:483)\n\tat org.apache.catalina.core.StandardHostValve.invoke(StandardHostValve.java:116)\n\tat org.apache.catalina.valves.ErrorReportValve.invoke(ErrorReportValve.java:93)\n\tat org.apache.catalina.core.StandardEngineValve.invoke(StandardEngineValve.java:74)\n\tat org.apache.catalina.connector.CoyoteAdapter.service(CoyoteAdapter.java:344)\n\tat org.apache.coyote.http11.Http11Processor.service(Http11Processor.java:398)\n\tat org.apache.coyote.AbstractProcessorLight.process(AbstractProcessorLight.java:63)\n\tat org.apache.coyote.AbstractProtocol$ConnectionHandler.process(AbstractProtocol.java:903)\n\tat org.apache.tomcat.util.net.NioEndpoint$SocketProcessor.doRun(NioEndpoint.java:1769)\n\tat org.apache.tomcat.util.net.SocketProcessorBase.run(SocketProcessorBase.java:52)\n\tat org.apache.tomcat.util.threads.ThreadPoolExecutor.runWorker(ThreadPoolExecutor.java:1189)\n\tat org.apache.tomcat.util.threads.ThreadPoolExecutor$Worker.run(ThreadPoolExecutor.java:658)\n\tat org.apache.tomcat.util.threads.TaskThread$WrappingRunnable.run(TaskThread.java:63)\n\tat java.base/java.lang.Thread.run(Thread.java:1583)\n"}
{"timestamp":"2026-08-17T22:18:20.338541+05:30","level":"ERROR","logger":"com.commercex.common.exception.GlobalExceptionHandler","thread":"http-nio-8082-exec-9","correlationId":"3ab08742-4cd9-48fb-a7b6-9092c5d2d359","trace_id":"642c5a9773bcfcf4dbaf8b7b493b0c4a","trace_flags":"03","span_id":"2ced4ef69c54f9f2","message":"Unhandled Exception","stack_trace":"org.springframework.web.servlet.resource.NoResourceFoundException: No static resource actuator/prometheus.\n\tat org.springframework.web.servlet.resource.ResourceHttpRequestHandler.handleRequest(ResourceHttpRequestHandler.java:585)\n\tat org.springframework.web.servlet.mvc.HttpRequestHandlerAdapter.handle(HttpRequestHandlerAdapter.java:52)\n\tat org.springframework.web.servlet.DispatcherServlet.doDispatch(DispatcherServlet.java:1089)\n\tat org.springframework.web.servlet.DispatcherServlet.doService(DispatcherServlet.java:979)\n\tat org.springframework.web.servlet.FrameworkServlet.processRequest(FrameworkServlet.java:1014)\n\tat org.springframework.web.servlet.FrameworkServlet.doGet(FrameworkServlet.java:903)\n\tat jakarta.servlet.http.HttpServlet.service(HttpServlet.java:564)\n\tat org.springframework.web.servlet.FrameworkServlet.service(FrameworkServlet.java:885)\n\tat jakarta.servlet.http.HttpServlet.service(HttpServlet.java:658)\n\tat org.apache.catalina.core.ApplicationFilterChain.internalDoFilter(ApplicationFilterChain.java:195)\n\tat org.apache.catalina.core.ApplicationFilterChain.doFilter(ApplicationFilterChain.java:140)\n\tat org.apache.tomcat.websocket.server.WsFilter.doFilter(WsFilter.java:51)\n\tat org.apache.catalina.core.ApplicationFilterChain.internalDoFilter(ApplicationFilterChain.java:164)\n\tat org.apache.catalina.core.ApplicationFilterChain.doFilter(ApplicationFilterChain.java:140)\n\tat com.commercex.common.logging.CorrelationIdFilter.doFilterInternal(CorrelationIdFilter.java:44)\n\tat org.springframework.web.filter.OncePerRequestFilter.doFilter(OncePerRequestFilter.java:116)\n\tat org.apache.catalina.core.ApplicationFilterChain.internalDoFilter(ApplicationFilterChain.java:164)\n\tat org.apache.catalina.core.ApplicationFilterChain.doFilter(ApplicationFilterChain.java:140)\n\tat org.springframework.web.filter.RequestContextFilter.doFilterInternal(RequestContextFilter.java:100)\n\tat org.springframework.web.filter.OncePerRequestFilter.doFilter(OncePerRequestFilter.java:116)\n\tat org.apache.catalina.core.ApplicationFilterChain.internalDoFilter(ApplicationFilterChain.java:164)\n\tat org.apache.catalina.core.ApplicationFilterChain.doFilter(ApplicationFilterChain.java:140)\n\tat org.springframework.web.filter.FormContentFilter.doFilterInternal(FormContentFilter.java:93)\n\tat org.springframework.web.filter.OncePerRequestFilter.doFilter(OncePerRequestFilter.java:116)\n\tat org.apache.catalina.core.ApplicationFilterChain.internalDoFilter(ApplicationFilterChain.java:164)\n\tat org.apache.catalina.core.ApplicationFilterChain.doFilter(ApplicationFilterChain.java:140)\n\tat org.springframework.web.servlet.v6_0.OpenTelemetryHandlerMappingFilter.doFilter(OpenTelemetryHandlerMappingFilter.java:78)\n\tat org.apache.catalina.core.ApplicationFilterChain.internalDoFilter(ApplicationFilterChain.java:164)\n\tat org.apache.catalina.core.ApplicationFilterChain.doFilter(ApplicationFilterChain.java:140)\n\tat org.springframework.web.filter.ServerHttpObservationFilter.doFilterInternal(ServerHttpObservationFilter.java:114)\n\tat org.springframework.web.filter.OncePerRequestFilter.doFilter(OncePerRequestFilter.java:116)\n\tat org.apache.catalina.core.ApplicationFilterChain.internalDoFilter(ApplicationFilterChain.java:164)\n\tat org.apache.catalina.core.ApplicationFilterChain.doFilter(ApplicationFilterChain.java:140)\n\tat org.springframework.web.filter.CharacterEncodingFilter.doFilterInternal(CharacterEncodingFilter.java:201)\n\tat org.springframework.web.filter.OncePerRequestFilter.doFilter(OncePerRequestFilter.java:116)\n\tat org.apache.catalina.core.ApplicationFilterChain.internalDoFilter(ApplicationFilterChain.java:164)\n\tat org.apache.catalina.core.ApplicationFilterChain.doFilter(ApplicationFilterChain.java:140)\n\tat org.apache.catalina.core.StandardWrapperValve.invoke(StandardWrapperValve.java:167)\n\tat org.apache.catalina.core.StandardContextValve.invoke(StandardContextValve.java:90)\n\tat org.apache.catalina.authenticator.AuthenticatorBase.invoke(AuthenticatorBase.java:483)\n\tat org.apache.catalina.core.StandardHostValve.invoke(StandardHostValve.java:116)\n\tat org.apache.catalina.valves.ErrorReportValve.invoke(ErrorReportValve.java:93)\n\tat org.apache.catalina.core.StandardEngineValve.invoke(StandardEngineValve.java:74)\n\tat org.apache.catalina.connector.CoyoteAdapter.service(CoyoteAdapter.java:344)\n\tat org.apache.coyote.http11.Http11Processor.service(Http11Processor.java:398)\n\tat org.apache.coyote.AbstractProcessorLight.process(AbstractProcessorLight.java:63)\n\tat org.apache.coyote.AbstractProtocol$ConnectionHandler.process(AbstractProtocol.java:903)\n\tat org.apache.tomcat.util.net.NioEndpoint$SocketProcessor.doRun(NioEndpoint.java:1769)\n\tat org.apache.tomcat.util.net.SocketProcessorBase.run(SocketProcessorBase.java:52)\n\tat org.apache.tomcat.util.threads.ThreadPoolExecutor.runWorker(ThreadPoolExecutor.java:1189)\n\tat org.apache.tomcat.util.threads.ThreadPoolExecutor$Worker.run(ThreadPoolExecutor.java:658)\n\tat org.apache.tomcat.util.threads.TaskThread$WrappingRunnable.run(TaskThread.java:63)\n\tat java.base/java.lang.Thread.run(Thread.java:1583)\n"}
{"timestamp":"2026-08-17T22:18:25.55451+05:30","level":"INFO","logger":"org.springframework.cloud.netflix.eureka.serviceregistry.EurekaServiceRegistry","thread":"SpringApplicationShutdownHook","message":"Unregistering application PRODUCT-SERVICE with eureka with status DOWN"}
{"timestamp":"2026-08-17T22:18:25.556181+05:30","level":"INFO","logger":"com.netflix.discovery.DiscoveryClient","thread":"SpringApplicationShutdownHook","message":"Saw local status change event StatusChangeEvent [timestamp=1786985305556, current=DOWN, previous=UP]"}
{"timestamp":"2026-08-17T22:18:25.558681+05:30","level":"INFO","logger":"com.netflix.discovery.DiscoveryClient","thread":"DiscoveryClient-InstanceInfoReplicator-%d","message":"DiscoveryClient_PRODUCT-SERVICE/192.168.1.40:product-service:8082: registering service..."}
{"timestamp":"2026-08-17T22:18:25.607014+05:30","level":"INFO","logger":"com.netflix.discovery.DiscoveryClient","thread":"DiscoveryClient-InstanceInfoReplicator-%d","message":"DiscoveryClient_PRODUCT-SERVICE/192.168.1.40:product-service:8082 - registration status: 204"}
{"timestamp":"2026-08-17T22:18:25.792229+05:30","level":"INFO","logger":"org.springframework.boot.web.embedded.tomcat.GracefulShutdown","thread":"SpringApplicationShutdownHook","message":"Commencing graceful shutdown. Waiting for active requests to complete"}
{"timestamp":"2026-08-17T22:18:25.844593+05:30","level":"INFO","logger":"org.springframework.boot.web.embedded.tomcat.GracefulShutdown","thread":"tomcat-shutdown","message":"Graceful shutdown complete"}
{"timestamp":"2026-08-17T22:18:26.192431+05:30","level":"INFO","logger":"org.springframework.orm.jpa.LocalContainerEntityManagerFactoryBean","thread":"SpringApplicationShutdownHook","message":"Closing JPA EntityManagerFactory for persistence unit 'default'"}
{"timestamp":"2026-08-17T22:18:26.247188+05:30","level":"INFO","logger":"com.zaxxer.hikari.HikariDataSource","thread":"SpringApplicationShutdownHook","message":"HikariPool-1 - Shutdown initiated..."}
{"timestamp":"2026-08-17T22:18:26.271132+05:30","level":"INFO","logger":"com.zaxxer.hikari.HikariDataSource","thread":"SpringApplicationShutdownHook","message":"HikariPool-1 - Shutdown completed."}
{"timestamp":"2026-08-17T22:18:26.279308+05:30","level":"INFO","logger":"com.netflix.discovery.DiscoveryClient","thread":"SpringApplicationShutdownHook","message":"Shutting down DiscoveryClient ..."}
{"timestamp":"2026-08-17T22:18:29.288196+05:30","level":"INFO","logger":"com.netflix.discovery.DiscoveryClient","thread":"SpringApplicationShutdownHook","message":"Unregistering ..."}
{"timestamp":"2026-08-17T22:18:29.32139+05:30","level":"INFO","logger":"com.netflix.discovery.DiscoveryClient","thread":"SpringApplicationShutdownHook","message":"DiscoveryClient_PRODUCT-SERVICE/192.168.1.40:product-service:8082 - deregister  status: 200"}
{"timestamp":"2026-08-17T22:18:29.32209+05:30","level":"INFO","logger":"com.netflix.discovery.DiscoveryClient","thread":"SpringApplicationShutdownHook","message":"Completed shut down of DiscoveryClient"}
